frame,time_s,source_frame,cycle,kp_error_px,q1_pred_deg,q2_pred_deg,q3_pred_deg,q4_pred_deg,q5_pred_deg,q6_pred_deg,q7_pred_deg,q1_reference_deg,q2_reference_deg,q3_reference_deg,q4_reference_deg,q5_reference_deg,q6_reference_deg,q7_reference_deg,root_x_m,root_y_m,root_z_m,vibration_mm_s,acoustic_dba,temperature_c,motor_current_a,fault_blend
0,0.0,2640,1,14.135622465354137,-4.070488452911377,-46.677154541015625,-0.744303822517395,-102.33123779296875,-21.339141845703125,145.78936767578125,68.16215515136719,-5.520475387573242,-45.91530227661133,-0.7925998568534851,-101.55852508544922,-20.102819442749023,149.38661193847656,53.284751892089844,0.3276969790458679,-0.1913967877626419,1.3630706071853638,1.465030312538147,57.49833297729492,37.05074691772461,0.6860905885696411,0.0
1,0.03333333333333333,2641,1,13.934742682641906,-4.638767242431641,-46.68122482299805,-0.6375705003738403,-102.57151794433594,-22.103700637817383,145.88668823242188,68.21017456054688,-5.52072286605835,-46.06254577636719,-0.7762988209724426,-101.84454345703125,-20.070289611816406,149.23377990722656,53.284629821777344,0.32848072052001953,-0.1915643811225891,1.3635607957839966,1.6043486595153809,58.79506301879883,36.87778091430664,0.8427782654762268,0.0
2,0.06666666666666667,2642,1,13.731632291392392,-5.0840373039245605,-46.71704864501953,-0.5541231036186218,-102.83381652832031,-22.56621551513672,146.0594024658203,67.85337829589844,-5.5209455490112305,-46.20649337768555,-0.7612823247909546,-102.12141418457031,-20.03589630126953,149.09039306640625,53.28466796875,0.32920241355895996,-0.19161370396614075,1.3639129400253296,1.618163824081421,58.75937271118164,36.886207580566406,0.7576708793640137,0.0
3,0.1,2643,1,13.464924827791034,-5.40629243850708,-46.78462219238281,-0.4939616024494171,-103.11811828613281,-22.726680755615234,146.30751037597656,67.0917739868164,-5.5211501121521,-46.39018630981445,-0.741614580154419,-102.47274780273438,-19.98560905456543,148.91168212890625,53.28502655029297,0.3298620283603668,-0.19154474139213562,1.3641269207000732,1.7304402589797974,58.745845794677734,36.957176208496094,0.8660073280334473,0.0
4,0.13333333333333333,2644,1,13.222821343925412,-5.605545997619629,-46.883941650390625,-0.4570857286453247,-103.4244384765625,-22.585105895996094,146.6309814453125,65.92536163330078,-5.521597385406494,-46.550357818603516,-0.7238407731056213,-102.78564453125,-19.949281692504883,148.76724243164062,53.285118103027344,0.3304595649242401,-0.19135744869709015,1.3642023801803589,1.6623764038085938,58.34788513183594,37.052642822265625,0.9637936949729919,0.0
5,0.16666666666666666,2645,1,13.005408023922191,-5.531954288482666,-47.02066421508789,-0.4466852843761444,-103.79755401611328,-21.816394805908203,147.25343322753906,63.96010208129883,-5.521756172180176,-46.71039581298828,-0.706191897392273,-103.1072998046875,-19.917448043823242,148.6209716796875,53.28466796875,0.33106908202171326,-0.1910526007413864,1.364162564277649,1.7762467861175537,59.38536834716797,36.9464111328125,1.1976999044418335,0.0
6,0.2,2646,1,12.729147113957017,-5.455261707305908,-47.201904296875,-0.47836989164352417,-104.1175308227539,-21.063066482543945,147.8147430419922,61.59620666503906,-5.521977424621582,-46.8823356628418,-0.6896116733551025,-103.43793487548828,-19.8843936920166,148.47695922851562,53.2850227355957,0.3314249515533447,-0.19059494137763977,1.3638458251953125,1.947187900543213,59.71626663208008,36.9651985168457,1.1768758296966553,0.0
7,0.23333333333333334,2647,1,12.43229182638614,-5.395681858062744,-47.45269012451172,-0.5110996961593628,-104.48583984375,-20.301441192626953,148.27435302734375,58.98102951049805,-5.521678924560547,-47.05613708496094,-0.6723899841308594,-103.7750473022461,-19.850967407226562,148.31375122070312,53.28498077392578,0.3318159878253937,-0.1900365650653839,1.363513469696045,2.0192253589630127,58.398197174072266,36.932464599609375,1.1489181518554688,0.0
8,0.26666666666666666,2648,1,12.108838070296319,-5.598644256591797,-47.621925354003906,-0.511668860912323,-104.8595962524414,-19.633121490478516,148.4354705810547,58.94886016845703,-5.522125720977783,-47.23270797729492,-0.6544163823127747,-104.12031555175781,-19.81294059753418,148.11361694335938,53.28479766845703,0.3321785032749176,-0.18957485258579254,1.3631196022033691,1.4233752489089966,57.90745544433594,37.06262969970703,0.8746187090873718,0.0
9,0.3,2649,1,11.839091175710024,-5.677365779876709,-47.87683868408203,-0.502997100353241,-105.21979522705078,-19.26102638244629,148.59310913085938,57.19760513305664,-5.521822452545166,-47.40702438354492,-0.638172447681427,-104.47454833984375,-19.778057098388672,147.92724609375,53.285282135009766,0.3325798809528351,-0.18903009593486786,1.3628402948379517,1.7795389890670776,59.43309020996094,37.05113983154297,1.070129632949829,0.0
10,0.3333333333333333,2650,1,11.573295383272875,-5.714945316314697,-48.111305236816406,-0.47617653012275696,-105.54166412353516,-18.7766056060791,148.61488342285156,54.46803665161133,-5.521862506866455,-47.585243225097656,-0.6206294894218445,-104.83222961425781,-19.750471115112305,147.7392578125,53.28520202636719,0.3329342007637024,-0.18852943181991577,1.3625949621200562,1.989202857017517,58.97254180908203,37.164852142333984,1.1815741062164307,0.0
11,0.36666666666666664,2651,1,11.30998211391426,-6.0563249588012695,-48.2652702331543,-0.46488410234451294,-105.84696197509766,-18.193214416503906,148.62327575683594,51.33619689941406,-5.522165298461914,-47.77345657348633,-0.6017433404922485,-105.20812225341797,-19.719865798950195,147.5669403076172,53.284969329833984,0.33336764574050903,-0.18817642331123352,1.3622164726257324,2.0506434440612793,59.90763854980469,36.98890686035156,1.2225135564804077,0.0
12,0.4,2652,1,11.035825105576166,-6.122506141662598,-48.35951232910156,-0.46036359667778015,-106.1158447265625,-17.761913299560547,148.5631866455078,48.20659637451172,-5.522307872772217,-47.959808349609375,-0.5820715427398682,-105.58773040771484,-19.686986923217773,147.393310546875,53.28528594970703,0.3339248299598694,-0.18786373734474182,1.362268090248108,2.048090934753418,59.467472076416016,37.170284271240234,1.2171140909194946,0.0
13,0.43333333333333335,2653,1,10.756199159571423,-5.798676490783691,-48.40398025512695,-0.49046197533607483,-106.27543640136719,-17.175094604492188,148.37965393066406,44.428592681884766,-5.522005081176758,-48.144073486328125,-0.5607626438140869,-105.97162628173828,-19.646677017211914,147.22979736328125,53.28502655029297,0.3346925973892212,-0.18760566413402557,1.3628597259521484,2.1493449211120605,60.18287658691406,37.12678146362305,1.3454800844192505,0.0
14,0.4666666666666667,2654,1,10.539025053663005,-5.515660762786865,-48.427330017089844,-0.5611135363578796,-106.45723724365234,-16.683271408081055,148.42344665527344,43.71085739135742,-5.522124290466309,-48.33525085449219,-0.5390790104866028,-106.3593978881836,-19.605819702148438,147.00746154785156,53.28490447998047,0.33560168743133545,-0.18733327090740204,1.3637222051620483,1.5487360954284668,58.798580169677734,37.08524703979492,0.7924129366874695,0.0
15,0.5,2655,1,10.352812836443457,-5.528457164764404,-48.445960998535156,-0.6565924286842346,-106.66680908203125,-16.410263061523438,148.46250915527344,43.36572265625,-5.522005558013916,-48.53804016113281,-0.5182491540908813,-106.7646484375,-19.571725845336914,146.7777862548828,53.285091400146484,0.33655738830566406,-0.187160462141037,1.3646315336227417,1.4788023233413696,58.421287536621094,36.990875244140625,0.7853356599807739,0.0
16,0.5333333333333333,2656,1,10.21348525798191,-5.250677108764648,-48.471527099609375,-0.7464920282363892,-106.85367584228516,-16.320178985595703,148.36268615722656,44.00924301147461,-5.522000789642334,-48.735538482666016,-0.49625009298324585,-107.16677856445312,-19.53715705871582,146.56871032714844,53.28557205200195,0.33747801184654236,-0.18698473274707794,1.3656895160675049,1.4142314195632935,58.7487907409668,37.04884338378906,0.850949764251709,0.0
17,0.5666666666666667,2657,1,10.141614871823675,-5.300267696380615,-48.51753234863281,-0.8139572143554688,-107.07191467285156,-16.530986785888672,148.46018981933594,43.87824249267578,-5.521822452545166,-48.93547058105469,-0.4738212525844574,-107.58184814453125,-19.50216293334961,146.37001037597656,53.28525161743164,0.33813178539276123,-0.1867055892944336,1.3666540384292603,1.5119174718856812,58.91026306152344,37.09138870239258,0.859836220741272,0.0
18,0.6,2658,1,10.087400446669237,-5.287983417510986,-48.530372619628906,-0.854377031326294,-107.2713851928711,-16.633207321166992,148.23072814941406,44.94572830200195,-5.522125720977783,-49.136444091796875,-0.4492866098880768,-107.99161529541016,-19.46891212463379,146.17617797851562,53.28517532348633,0.3388828933238983,-0.1864209771156311,1.3675636053085327,1.5704692602157593,58.90861129760742,36.98535919189453,0.9750564694404602,0.0
19,0.6333333333333333,2659,1,9.940572844286297,-5.191514015197754,-48.56669235229492,-0.8379901051521301,-107.46821594238281,-16.65056610107422,147.34848022460938,43.312374114990234,-5.521982192993164,-49.3355712890625,-0.4242647886276245,-108.39574432373047,-19.43324851989746,145.95849609375,53.28537368774414,0.3397027552127838,-0.1862347424030304,1.3682106733322144,1.678698182106018,58.40675735473633,36.96997833251953,1.1313674449920654,0.0
20,0.6666666666666666,2660,1,9.62092102255153,-4.948697090148926,-48.62566375732422,-0.8713974356651306,-107.56791687011719,-17.090112686157227,146.0489501953125,38.12972640991211,-5.521822452545166,-49.532047271728516,-0.3986680209636688,-108.8002700805664,-19.404605865478516,145.7227020263672,53.28533935546875,0.34067603945732117,-0.18597406148910522,1.3691954612731934,2.411386013031006,60.89898681640625,37.024478912353516,1.6017009019851685,0.0
21,0.7,2661,1,9.185136205245895,-4.769076824188232,-48.749454498291016,-0.8959228992462158,-107.76039123535156,-17.7592830657959,144.24192810058594,32.22520446777344,-5.521997451782227,-49.71770477294922,-0.37313219904899597,-109.19660186767578,-19.378355026245117,145.49237060546875,53.285343170166016,0.3417070806026459,-0.18560513854026794,1.3703151941299438,2.782708168029785,61.299983978271484,37.026241302490234,1.814698576927185,0.0
22,0.7333333333333333,2662,1,8.880027465346675,-4.842873573303223,-48.890865325927734,-0.8910182118415833,-108.0394515991211,-18.58441734313965,143.2888641357422,33.47654342651367,-5.521941184997559,-49.91170883178711,-0.34751975536346436,-109.5982894897461,-19.350357055664062,145.29306030273438,53.28548049926758,0.34278079867362976,-0.18515007197856903,1.3710514307022095,1.7637169361114502,59.00416946411133,37.07770919799805,0.9954958558082581,0.0
23,0.7666666666666667,2663,1,8.6810929991772,-5.276423454284668,-49.0307731628418,-0.875987708568573,-108.39116668701172,-19.500343322753906,142.99691772460938,37.49489974975586,-5.521780014038086,-50.10169219970703,-0.32050350308418274,-109.99449157714844,-19.320526123046875,145.0977783203125,53.2855339050293,0.343961238861084,-0.18480417132377625,1.3716380596160889,2.1063127517700195,60.62482452392578,36.94246292114258,1.3521242141723633,0.0
24,0.8,2664,1,8.685044079347767,-5.6443657875061035,-49.16306686401367,-0.8121790289878845,-108.7782974243164,-20.295652389526367,143.85958862304688,44.238731384277344,-5.521799087524414,-50.28800964355469,-0.29462626576423645,-110.38726806640625,-19.29218292236328,144.9159393310547,53.285579681396484,0.34499844908714294,-0.18434329330921173,1.3723630905151367,2.7549889087677,61.68307113647461,36.988182067871094,1.8793494701385498,0.0
25,0.8333333333333334,2665,1,8.808135901203801,-6.406655788421631,-49.27020263671875,-0.6766694784164429,-109.13488006591797,-20.943586349487305,144.74789428710938,52.10259246826172,-5.521780967712402,-50.46485137939453,-0.2690001428127289,-110.76165771484375,-19.258647918701172,144.70851135253906,53.28542709350586,0.34581464529037476,-0.1837920844554901,1.3729792833328247,2.930215835571289,62.48539733886719,37.10597229003906,1.898295521736145,0.0
26,0.8666666666666667,2666,1,8.92833974386535,-6.917092800140381,-49.324764251708984,-0.5070577263832092,-109.41697692871094,-21.26712417602539,145.01121520996094,61.929527282714844,-5.521928787231445,-50.64684295654297,-0.24380679428577423,-111.13194274902344,-19.230018615722656,144.51255798339844,53.285186767578125,0.34674689173698425,-0.18325437605381012,1.373684287071228,3.349560260772705,63.893951416015625,36.993343353271484,2.3941915035247803,0.0
27,0.9,2667,1,8.90050812026742,-7.074846267700195,-49.331939697265625,-0.289077490568161,-109.63749694824219,-21.142255783081055,144.1693878173828,68.34234619140625,-5.522086143493652,-50.8196907043457,-0.21768955886363983,-111.49256896972656,-19.204103469848633,144.3301239013672,53.28569030761719,0.3475646376609802,-0.18275433778762817,1.3743923902511597,2.7533745765686035,61.642311096191406,37.07301712036133,1.6807554960250854,0.0
28,0.9333333333333333,2668,1,8.741009448046439,-7.474791049957275,-49.39340591430664,-0.19789479672908783,-109.74065399169922,-20.944684982299805,143.31243896484375,69.2913589477539,-5.521458625793457,-50.98741149902344,-0.19149234890937805,-111.84871673583984,-19.17582893371582,144.16297912597656,53.28569793701172,0.3482029438018799,-0.1820070445537567,1.375075340270996,1.7117834091186523,59.153438568115234,37.01265335083008,0.9029145836830139,0.0
29,0.9666666666666667,2669,1,8.548168323177146,-7.889168739318848,-49.527610778808594,-0.1566208153963089,-109.91053009033203,-20.52496337890625,142.44216918945312,68.8635482788086,-5.521615505218506,-51.14610290527344,-0.16302312910556793,-112.196044921875,-19.150272369384766,143.99754333496094,53.28550338745117,0.3487274944782257,-0.18119865655899048,1.3755042552947998,1.6777702569961548,58.676841735839844,36.965484619140625,0.9069707989692688,0.0
30,1.0,2670,1,8.59614754829663,-8.171630859375,-49.68085479736328,-0.1724628061056137,-110.04188537597656,-20.057153701782227,142.6034698486328,73.86544036865234,-5.521637439727783,-51.30671691894531,-0.13526582717895508,-112.53961181640625,-19.122526168823242,143.83056640625,53.285789489746094,0.3492125868797302,-0.18041007220745087,1.3755502700805664,2.3964157104492188,61.37350082397461,37.10983657836914,1.5150612592697144,0.0
31,1.0333333333333334,2671,1,8.834927514674499,-8.570964813232422,-49.836090087890625,-0.2605774700641632,-110.17809295654297,-19.638132095336914,143.3871307373047,82.44712829589844,-5.52163028717041,-51.4710578918457,-0.10792874544858932,-112.89076232910156,-19.095176696777344,143.61737060546875,53.2856559753418,0.35014426708221436,-0.17985829710960388,1.3755909204483032,3.154237747192383,63.24089813232422,37.06295394897461,2.164320230484009,0.0
32,1.0666666666666667,2672,1,9.249761979691305,-9.00762939453125,-50.04759216308594,-0.34004008769989014,-110.32965850830078,-19.333065032958984,144.77066040039062,91.90636444091797,-5.5212321281433105,-51.64387512207031,-0.08080701529979706,-113.25642395019531,-19.065080642700195,143.40721130371094,53.285667419433594,0.35117417573928833,-0.179298996925354,1.3755481243133545,3.284841537475586,63.87837600708008,37.08860397338867,2.313324213027954,0.0
33,1.1,2673,1,9.553148795243775,-9.441158294677734,-50.26219940185547,-0.395441472530365,-110.59092712402344,-19.21514892578125,145.3163604736328,100.15242767333984,-5.521249294281006,-51.8044548034668,-0.05437123030424118,-113.62167358398438,-19.03683090209961,143.2026824951172,53.285892486572266,0.35209059715270996,-0.17863088846206665,1.3756190538406372,3.151395082473755,62.608795166015625,36.984622955322266,2.124999761581421,0.0
34,1.1333333333333333,2674,1,9.759183087259457,-9.780167579650879,-50.51695251464844,-0.4765946865081787,-111.00322723388672,-19.216022491455078,145.57388305664062,108.79315948486328,-5.521390914916992,-51.969722747802734,-0.03037012740969658,-113.99177551269531,-19.0046443939209,143.00582885742188,53.285892486572266,0.3530481457710266,-0.177981436252594,1.3756322860717773,3.057584047317505,63.27649688720703,37.15411376953125,2.1818177700042725,0.0
35,1.1666666666666667,2675,1,9.80664865768091,-9.916167259216309,-50.73151397705078,-0.4313695430755615,-111.43291473388672,-19.27088165283203,144.83802795410156,114.0464096069336,-5.521066665649414,-52.14043045043945,-0.006929210852831602,-114.36797332763672,-18.97301483154297,142.81936645507812,53.28596878051758,0.353943794965744,-0.1774296760559082,1.3756743669509888,2.480919361114502,60.43365478515625,36.89623260498047,1.5913814306259155,0.0
36,1.2,2676,1,9.599970285351011,-10.268570899963379,-50.980010986328125,-0.26636189222335815,-111.9266586303711,-19.311809539794922,144.01223754882812,112.49177551269531,-5.520883560180664,-52.313114166259766,0.01848491095006466,-114.74016571044922,-18.942359924316406,142.6245880126953,53.286014556884766,0.3545735478401184,-0.17683345079421997,1.3757463693618774,1.782860279083252,59.423240661621094,36.91686248779297,1.0320522785186768,0.0
37,1.2333333333333334,2677,1,9.342956176133262,-10.539124488830566,-51.178611755371094,0.021809540688991547,-112.40756225585938,-19.357648849487305,143.07247924804688,107.34410858154297,-5.520830154418945,-52.481632232666016,0.0450771190226078,-115.1054458618164,-18.908021926879883,142.38827514648438,53.285770416259766,0.3551064729690552,-0.17635536193847656,1.375855565071106,2.322565793991089,60.79021072387695,37.0767822265625,1.6159762144088745,0.0
38,1.2666666666666666,2678,1,8.928917786339913,-10.685444831848145,-51.231117248535156,0.42020443081855774,-112.80845642089844,-19.398080825805664,142.21682739257812,102.23344421386719,-5.520517349243164,-52.64250183105469,0.07136090844869614,-115.46910858154297,-18.867481231689453,142.1641845703125,53.28587341308594,0.3555954396724701,-0.17593562602996826,1.3758989572525024,2.577803373336792,60.82258987426758,36.96432113647461,1.585160493850708,0.0
39,1.3,2679,1,8.431416744597943,-10.933930397033691,-51.319602966308594,0.8653711676597595,-113.27025604248047,-19.46764373779297,141.36036682128906,98.0842056274414,-5.520635604858398,-52.80769348144531,0.09618651866912842,-115.83038330078125,-18.831552505493164,141.9634246826172,53.28575134277344,0.3561776876449585,-0.17559710144996643,1.3757030963897705,2.1161270141601562,60.04301834106445,36.958675384521484,1.4946645498275757,0.0
40,1.3333333333333333,2680,1,7.918756676499392,-11.091676712036133,-51.49108123779297,1.347488284111023,-113.90925598144531,-19.48112678527832,140.63607788085938,93.94711303710938,-5.520438194274902,-52.9781608581543,0.12022378295660019,-116.20001983642578,-18.803770065307617,141.75946044921875,53.2857780456543,0.3565273880958557,-0.17519745230674744,1.375061273574829,2.2801592350006104,60.43656539916992,37.02492904663086,1.3933528661727905,0.0
41,1.3666666666666667,2681,1,7.481774534354964,-11.249651908874512,-51.65119552612305,1.7241319417953491,-114.6822280883789,-19.459186553955078,140.19593811035156,91.00020599365234,-5.5199432373046875,-53.14767837524414,0.14657461643218994,-116.57898712158203,-18.779348373413086,141.5533447265625,53.28595733642578,0.3568601906299591,-0.1747540682554245,1.3742563724517822,2.0577664375305176,59.99787139892578,36.910499572753906,1.1484421491622925,0.0
42,1.4,2682,1,7.313706932595387,-11.43607234954834,-51.86555862426758,1.9784677028656006,-115.47087097167969,-19.237104415893555,140.38455200195312,89.41422271728516,-5.519257068634033,-53.30424499511719,0.17543485760688782,-116.94186401367188,-18.753263473510742,141.3107147216797,53.286094665527344,0.357332319021225,-0.17440243065357208,1.373320460319519,1.7438149452209473,58.613685607910156,37.06880187988281,0.9838708639144897,0.0
43,1.4333333333333333,2683,1,7.294182308146391,-11.572402954101562,-52.04945755004883,2.186321258544922,-116.08544921875,-18.947786331176758,140.12619018554688,89.28363800048828,-5.518827438354492,-53.459022521972656,0.20125006139278412,-117.30387878417969,-18.721620559692383,141.06581115722656,53.28607940673828,0.35773590207099915,-0.17401541769504547,1.3721143007278442,1.5056325197219849,58.25304412841797,37.09349822998047,0.8055192828178406,0.0
44,1.4666666666666666,2684,1,7.274911744787038,-11.642617225646973,-52.1672248840332,2.343876600265503,-116.5705337524414,-18.712013244628906,139.68968200683594,90.26335144042969,-5.517609596252441,-53.621925354003906,0.22624626755714417,-117.67877197265625,-18.686790466308594,140.85333251953125,53.285919189453125,0.35815516114234924,-0.1734689176082611,1.3708302974700928,1.6625475883483887,58.950992584228516,37.01218032836914,0.9211414456367493,0.0
45,1.5,2685,1,7.306893092145428,-11.671785354614258,-52.18836975097656,2.4756813049316406,-116.86161041259766,-18.187652587890625,139.08482360839844,92.76873016357422,-5.5139970779418945,-53.77900695800781,0.25121068954467773,-118.05015563964844,-18.655317306518555,140.63424682617188,53.285919189453125,0.358564555644989,-0.1729402393102646,1.3696801662445068,1.783784031867981,59.19241714477539,37.065673828125,1.1383414268493652,0.0
46,1.5333333333333334,2686,1,7.204419686028212,-11.615610122680664,-52.09588623046875,2.575331687927246,-116.99356842041016,-17.468538284301758,138.4511260986328,96.91558074951172,-5.506979942321777,-53.927162170410156,0.2792278230190277,-118.4130859375,-18.628904342651367,140.42105102539062,53.2860221862793,0.35905471444129944,-0.17233571410179138,1.3686802387237549,2.2950470447540283,59.46247863769531,37.249298095703125,1.4302302598953247,0.0
47,1.5666666666666667,2687,1,7.079472906541619,-11.632197380065918,-52.05504608154297,2.7429237365722656,-117.157958984375,-16.750104904174805,137.77072143554688,100.14179992675781,-5.499998092651367,-54.075016021728516,0.309782475233078,-118.78166961669922,-18.605819702148438,140.19981384277344,53.28635025024414,0.35950514674186707,-0.17171695828437805,1.3678392171859741,2.059811592102051,60.252586364746094,36.99235153198242,1.2234097719192505,0.0
48,1.6,2688,1,6.939726261707582,-11.298911094665527,-52.02057647705078,2.9664435386657715,-117.3523178100586,-15.966048240661621,137.2505645751953,101.33390045166016,-5.493917942047119,-54.21662139892578,0.3399697542190552,-119.14048767089844,-18.582366943359375,139.97520446777344,53.28600311279297,0.35999614000320435,-0.17122219502925873,1.3679996728897095,1.7275934219360352,58.74986267089844,36.98211669921875,0.983767032623291,0.0
49,1.6333333333333333,2689,1,6.895540294934939,-11.154559135437012,-52.01136016845703,3.180584192276001,-117.55806732177734,-14.84439754486084,136.99700927734375,100.855712890625,-5.489704132080078,-54.358123779296875,0.36863964796066284,-119.51031494140625,-18.560501098632812,139.75669860839844,53.286197662353516,0.36085405945777893,-0.170973539352417,1.3691864013671875,1.8206506967544556,58.5619010925293,37.05592346191406,0.9415780305862427,0.0
50,1.6666666666666667,2690,1,6.979041632381901,-10.935097694396973,-51.98624038696289,3.4240708351135254,-117.74710083007812,-13.614216804504395,137.1074676513672,97.29647827148438,-5.485310077667236,-54.49510955810547,0.3999238610267639,-119.88068389892578,-18.53911781311035,139.5430450439453,53.28643798828125,0.3617919385433197,-0.17086432874202728,1.3708029985427856,2.0083346366882324,60.91608810424805,36.96430969238281,1.2910890579223633,0.0
51,1.7,2691,1,7.0258765165378705,-10.663058280944824,-51.94964599609375,3.620712995529175,-117.8659439086914,-12.309196472167969,136.90365600585938,94.34710693359375,-5.479044437408447,-54.62849044799805,0.4326997697353363,-120.24065399169922,-18.514402389526367,139.34368896484375,53.286407470703125,0.36259910464286804,-0.17068402469158173,1.372235655784607,1.858443021774292,59.55875778198242,37.036903381347656,1.1977640390396118,0.0
52,1.7333333333333334,2692,1,7.011675037832736,-10.211129188537598,-51.91609191894531,3.772383213043213,-118.02394104003906,-11.250408172607422,136.77789306640625,92.21656799316406,-5.472414493560791,-54.751861572265625,0.4656562805175781,-120.58602905273438,-18.48917579650879,139.1064453125,53.28599166870117,0.36340805888175964,-0.17043182253837585,1.373440146446228,2.0163769721984863,59.28023147583008,37.129764556884766,1.1419236660003662,0.0
53,1.7666666666666666,2693,1,6.925259704975764,-9.778071403503418,-51.8602180480957,3.8817269802093506,-118.14112091064453,-10.07751750946045,136.30844116210938,90.67443084716797,-5.467156887054443,-54.87083053588867,0.4989576041698456,-120.93058013916016,-18.468290328979492,138.87705993652344,53.286128997802734,0.36375701427459717,-0.17021919786930084,1.3738923072814941,1.6969417333602905,59.60682678222656,36.92852783203125,1.0295193195343018,0.0
54,1.8,2694,1,6.825917632859471,-9.385581016540527,-51.77931594848633,3.9545257091522217,-118.17791748046875,-9.021088600158691,135.47267150878906,90.43981170654297,-5.4639787673950195,-54.982696533203125,0.5321277976036072,-121.26109313964844,-18.44810676574707,138.66128540039062,53.28611373901367,0.3637075424194336,-0.16989699006080627,1.3735212087631226,1.8042690753936768,59.59204864501953,36.944236755371094,1.0626890659332275,0.0
55,1.8333333333333333,2695,1,6.750281862571565,-9.13654899597168,-51.68186950683594,4.066535472869873,-118.14253997802734,-8.35740852355957,134.64834594726562,89.00453186035156,-5.46135139465332,-55.09342575073242,0.5657920837402344,-121.5911865234375,-18.42961883544922,138.47352600097656,53.286441802978516,0.3632822036743164,-0.1696002334356308,1.3725647926330566,1.6066211462020874,59.79845428466797,36.8963508605957,0.966037392616272,0.0
56,1.8666666666666667,2696,1,6.561135697500307,-8.711369514465332,-51.61968231201172,4.149027347564697,-118.10852813720703,-7.99002742767334,133.35418701171875,87.11492156982422,-5.454834461212158,-55.19989013671875,0.6009241342544556,-121.91708374023438,-18.412635803222656,138.3041534423828,53.28651809692383,0.36308780312538147,-0.1692967414855957,1.3719539642333984,2.039886951446533,59.16815948486328,36.925357818603516,1.1679511070251465,0.0
57,1.9,2697,1,6.400570753227756,-8.554777145385742,-51.61594772338867,4.210485458374023,-118.1309585571289,-7.643879413604736,131.88282775878906,85.4344482421875,-5.4468159675598145,-55.30714797973633,0.6328111290931702,-122.2393798828125,-18.39628028869629,138.1236572265625,53.286399841308594,0.3630252182483673,-0.16908381879329681,1.3717159032821655,2.1215531826019287,58.758670806884766,37.19815444946289,1.0318809747695923,0.0
58,1.9333333333333333,2698,1,6.279076913143494,-8.263439178466797,-51.62406921386719,4.254859924316406,-118.1869888305664,-7.578341007232666,130.34349060058594,83.18724822998047,-5.438821792602539,-55.403709411621094,0.6646327376365662,-122.55499267578125,-18.383102416992188,137.9045867919922,53.28622055053711,0.36335721611976624,-0.16877228021621704,1.372982144355774,1.9005423784255981,59.78358459472656,36.9456672668457,1.1461801528930664,0.0
59,1.9666666666666666,2699,1,6.187586763461943,-8.032602310180664,-51.622596740722656,4.3262038230896,-118.2679443359375,-7.490912437438965,129.03134155273438,82.435791015625,-5.4327216148376465,-55.48985290527344,0.694935142993927,-122.8685531616211,-18.368877410888672,137.69772338867188,53.286319732666016,0.36392492055892944,-0.1685715615749359,1.3754079341888428,1.8013572692871094,57.905216217041016,37.00706100463867,0.9103819131851196,0.0
60,2.0,2700,1,6.149172407392354,-7.83903169631958,-51.77325439453125,4.414733409881592,-118.41738891601562,-7.635662078857422,127.75048828125,81.41790008544922,-5.427399635314941,-55.567832946777344,0.721376895904541,-123.1832046508789,-18.353384017944336,137.51531982421875,53.286460876464844,0.36498692631721497,-0.16843639314174652,1.3782687187194824,1.721232295036316,58.7845344543457,37.02109909057617,1.0087482929229736,0.0
61,2.033333333333333,2701,1,5.925378881154486,-7.575519561767578,-51.99380874633789,4.5807785987854,-118.52472686767578,-7.723875522613525,126.46534729003906,80.7138442993164,-5.427399635314941,-55.567832946777344,0.721376895904541,-123.1832046508789,-18.353384017944336,137.51531982421875,53.286460876464844,0.3660251498222351,-0.16841785609722137,1.3812652826309204,1.6156567335128784,58.825035095214844,37.0650749206543,1.0415911674499512,0.0
62,2.066666666666667,2702,1,5.972784408136033,-7.324165344238281,-52.2563591003418,4.647945880889893,-118.59005737304688,-7.947925090789795,125.34322357177734,80.07830810546875,-5.421939849853516,-55.639183044433594,0.7460536956787109,-123.4923095703125,-18.33747673034668,137.33392333984375,53.28632736206055,0.3669171929359436,-0.1681940257549286,1.384050965309143,1.5955342054367065,58.5969123840332,37.18373107910156,0.9348419904708862,0.0
63,2.1,2703,1,6.251716739453416,-7.100811004638672,-52.52511215209961,4.611701488494873,-118.63554382324219,-8.3057222366333,124.75394439697266,78.29810333251953,-5.4083452224731445,-55.78513717651367,0.7981988787651062,-124.1205825805664,-18.306203842163086,136.9518280029297,53.2867431640625,0.36752575635910034,-0.16786877810955048,1.3859221935272217,1.666946291923523,58.7211799621582,37.148040771484375,1.0595206022262573,0.0
64,2.1333333333333333,2704,1,6.098777893804239,-6.967100143432617,-52.754817962646484,4.474719047546387,-118.81968688964844,-8.938729286193848,123.98218536376953,76.02393341064453,-5.4083452224731445,-55.78513717651367,0.7981988787651062,-124.1205825805664,-18.306203842163086,136.9518280029297,53.2867431640625,0.36812731623649597,-0.16741685569286346,1.3870660066604614,1.899884581565857,59.633567810058594,37.09560775756836,1.1259478330612183,0.0
65,2.1666666666666665,2705,1,6.412438307968546,-6.789450168609619,-52.94657516479492,4.260852813720703,-119.0681381225586,-9.693808555603027,123.46923828125,73.78568267822266,-5.385014533996582,-55.91244125366211,0.8491069674491882,-124.73372650146484,-18.279563903808594,136.52301025390625,53.28644943237305,0.3683454990386963,-0.16695597767829895,1.387256145477295,1.783949851989746,59.38517761230469,37.13946533203125,1.1486752033233643,0.0
66,2.2,2706,1,6.243977341928594,-6.721370220184326,-53.04146194458008,4.0190815925598145,-119.31282806396484,-10.351993560791016,122.96408081054688,72.73431396484375,-5.385014533996582,-55.91244125366211,0.8491069674491882,-124.73372650146484,-18.279563903808594,136.52301025390625,53.28644943237305,0.3685878813266754,-0.16651326417922974,1.3879709243774414,1.753543734550476,58.059043884277344,37.04683303833008,0.9468777775764465,0.0
67,2.2333333333333334,2707,1,6.2727336194780055,-6.781435012817383,-53.04517364501953,3.8236002922058105,-119.58122253417969,-10.904747009277344,122.6922378540039,71.2603988647461,-5.373924255371094,-55.959312438964844,0.8731433153152466,-125.03230285644531,-18.270898818969727,136.35182189941406,53.28666687011719,0.36864611506462097,-0.16627736389636993,1.3884103298187256,1.7130892276763916,59.06686782836914,37.11650466918945,0.9178003668785095,0.0
68,2.2666666666666666,2708,1,6.299125860679544,-7.101852893829346,-53.09183120727539,3.7855722904205322,-119.86653137207031,-11.394632339477539,122.13511657714844,68.73451232910156,-5.364485740661621,-55.99434280395508,0.8984854221343994,-125.3295669555664,-18.26178741455078,136.1742401123047,53.28642654418945,0.368802934885025,-0.1662602424621582,1.3885256052017212,1.803714632987976,59.11916732788086,37.01968765258789,1.2032109498977661,0.0
69,2.3,2709,1,6.294517580529719,-7.3233489990234375,-53.12847137451172,3.921403408050537,-120.15995788574219,-11.742277145385742,121.73008728027344,66.14282989501953,-5.355432510375977,-56.01232147216797,0.92619389295578,-125.61420440673828,-18.25344467163086,135.9996795654297,53.2867546081543,0.36891788244247437,-0.16645532846450806,1.3888403177261353,1.8184205293655396,59.63546371459961,37.033443450927734,1.134712815284729,0.0
70,2.3333333333333335,2710,1,6.254785440877214,-7.5105881690979,-53.1378288269043,4.057786464691162,-120.37830352783203,-12.00897216796875,121.47201538085938,63.381446838378906,-5.34536075592041,-56.022918701171875,0.9578748345375061,-125.90906524658203,-18.244386672973633,135.7852020263672,53.286834716796875,0.3689957857131958,-0.1666429191827774,1.3894169330596924,2.0481584072113037,59.98516082763672,37.05070114135742,1.1466212272644043,0.0
71,2.3666666666666667,2711,1,6.166053980724734,-7.591516017913818,-53.159671783447266,4.248771667480469,-120.55936431884766,-12.114204406738281,121.51209259033203,60.46073532104492,-5.338130474090576,-56.020442962646484,0.986729621887207,-126.1614990234375,-18.236860275268555,135.6046905517578,53.28643035888672,0.3690800666809082,-0.16673649847507477,1.389922022819519,2.055948257446289,59.89967346191406,36.991539001464844,1.2394405603408813,0.0
72,2.4,2712,1,6.136709430521597,-7.673764705657959,-53.21001434326172,4.29581356048584,-120.81847381591797,-12.26298999786377,121.62049865722656,57.81653594970703,-5.331988334655762,-56.01146697998047,1.0161786079406738,-126.4015884399414,-18.23042106628418,135.41864013671875,53.286712646484375,0.368997186422348,-0.16671422123908997,1.3898566961288452,1.957155466079712,59.181800842285156,36.95317840576172,1.1293185949325562,0.0
73,2.433333333333333,2713,1,6.170863358059642,-7.446712493896484,-53.314876556396484,4.218146324157715,-121.10386657714844,-12.28186321258545,122.0088119506836,57.029239654541016,-5.327914714813232,-55.99301528930664,1.0448476076126099,-126.63546752929688,-18.224414825439453,135.2451934814453,53.28669357299805,0.3686695396900177,-0.16653695702552795,1.3885140419006348,1.6100484132766724,59.219539642333984,37.107582092285156,0.8611971735954285,0.0
74,2.466666666666667,2714,1,6.233219735144596,-7.200183391571045,-53.42632293701172,4.1210174560546875,-121.32767486572266,-12.103254318237305,122.25360107421875,58.4835319519043,-5.322808742523193,-55.97018051147461,1.0745677947998047,-126.8682861328125,-18.218645095825195,135.0748748779297,53.286865234375,0.3683378994464874,-0.16635853052139282,1.3868247270584106,1.6846684217453003,58.754150390625,36.99803161621094,1.0294264554977417,0.0
75,2.5,2715,1,6.307121974006067,-7.072090148925781,-53.56779861450195,3.837461233139038,-121.61711120605469,-12.18325424194336,122.50550079345703,59.712501525878906,-5.315690517425537,-55.94025802612305,1.1051052808761597,-127.08991241455078,-18.214284896850586,134.89959716796875,53.28667449951172,0.3678596019744873,-0.16604460775852203,1.3848878145217896,1.792316198348999,58.30463409423828,37.128509521484375,0.9988083839416504,0.0
76,2.533333333333333,2716,1,6.344616676953434,-6.8602142333984375,-53.69544219970703,3.4853355884552,-121.95198059082031,-12.329486846923828,122.49195098876953,60.916378021240234,-5.305485248565674,-55.90937042236328,1.1361294984817505,-127.3047866821289,-18.209712982177734,134.68856811523438,53.28685760498047,0.36734259128570557,-0.16580617427825928,1.3830384016036987,1.5936994552612305,57.99987030029297,37.10380554199219,0.9612813591957092,0.0
77,2.566666666666667,2717,1,6.3626316925177875,-6.404510974884033,-53.79912567138672,3.085742950439453,-122.3186264038086,-12.909463882446289,122.3278579711914,62.02787399291992,-5.294641971588135,-55.88173294067383,1.168632984161377,-127.53190612792969,-18.200105667114258,134.48562622070312,53.286903381347656,0.36689022183418274,-0.16561736166477203,1.3813883066177368,1.6781221628189087,58.99652862548828,37.115455627441406,0.9781545400619507,0.0
78,2.6,2718,1,6.334245966090502,-6.04327917098999,-53.83760070800781,2.732902765274048,-122.65259552001953,-13.773653984069824,121.95602416992188,62.944637298583984,-5.285622596740723,-55.85420608520508,1.2008419036865234,-127.7516860961914,-18.195037841796875,134.2857666015625,53.28702163696289,0.3666185140609741,-0.16554157435894012,1.3807967901229858,1.8089191913604736,58.21092224121094,37.05507278442383,0.9342208504676819,0.0
79,2.6333333333333333,2719,1,6.3398301881849894,-6.041424751281738,-53.87120819091797,2.4785614013671875,-122.95829010009766,-14.69640064239502,121.52793884277344,63.403987884521484,-5.275571346282959,-55.825042724609375,1.2354073524475098,-128.0018768310547,-18.186107635498047,134.082763671875,53.286582946777344,0.36653074622154236,-0.16545459628105164,1.3810086250305176,1.4259772300720215,59.00827407836914,37.10850143432617,1.054924488067627,0.0
80,2.6666666666666665,2720,1,6.366800542169984,-6.284470558166504,-53.91575622558594,2.225736618041992,-123.18567657470703,-15.724928855895996,121.08307647705078,63.090782165527344,-5.263988018035889,-55.80454635620117,1.2668862342834473,-128.2492218017578,-18.181346893310547,133.90106201171875,53.286949157714844,0.3664563298225403,-0.16538789868354797,1.3817890882492065,1.6691014766693115,58.81211853027344,36.95330810546875,0.9786148071289062,0.0
81,2.7,2721,1,6.380540120500489,-6.873116493225098,-53.92984390258789,2.1444294452667236,-123.30577850341797,-16.434024810791016,120.82276153564453,63.26322937011719,-5.248647212982178,-55.780517578125,1.3012439012527466,-128.50343322753906,-18.171260833740234,133.72894287109375,53.28669357299805,0.36639678478240967,-0.16518846154212952,1.382496953010559,1.5061538219451904,57.95356750488281,37.05372619628906,0.8775935173034668,0.0
82,2.7333333333333334,2722,1,6.388100690892188,-7.345584392547607,-53.91694259643555,2.170905828475952,-123.49363708496094,-17.19331932067871,120.59097290039062,62.235137939453125,-5.230658531188965,-55.75632095336914,1.3363631963729858,-128.75389099121094,-18.160491943359375,133.5188751220703,53.28684616088867,0.3665305972099304,-0.16532188653945923,1.3842965364456177,1.6388506889343262,58.64186096191406,37.09295654296875,0.8704717755317688,0.0
83,2.7666666666666666,2723,1,6.399525781129647,-7.6367692947387695,-53.95795822143555,2.111475944519043,-123.71600341796875,-17.96565055847168,120.71553039550781,60.288150787353516,-5.2132344245910645,-55.73563766479492,1.3691405057907104,-129.0136260986328,-18.147066116333008,133.3116455078125,53.28670883178711,0.36678972840309143,-0.16557712852954865,1.3866124153137207,1.779747486114502,59.511085510253906,37.099884033203125,1.0330504179000854,0.0
84,2.8,2724,1,6.397139099997247,-7.40670108795166,-54.04356384277344,1.9413940906524658,-124.01994323730469,-18.61168098449707,120.90985870361328,58.3664436340332,-5.196732521057129,-55.71360778808594,1.400996446609497,-129.28347778320312,-18.138153076171875,133.1238555908203,53.2869873046875,0.36720165610313416,-0.1659778356552124,1.3887933492660522,1.6727113723754883,58.162147521972656,36.97526931762695,1.1328134536743164,0.0
85,2.8333333333333335,2725,1,6.3856069525953325,-6.610885143280029,-54.11688232421875,1.7742228507995605,-124.40563201904297,-19.386920928955078,121.16471099853516,55.74824523925781,-5.179350852966309,-55.692317962646484,1.429630160331726,-129.5554656982422,-18.128097534179688,132.9468536376953,53.286659240722656,0.36750558018684387,-0.16643357276916504,1.39035964012146,1.9957629442214966,59.570823669433594,36.94887924194336,1.255969762802124,0.0
86,2.8666666666666667,2726,1,6.32265940094549,-5.912112236022949,-54.16808319091797,1.5937073230743408,-124.89997100830078,-20.32172393798828,121.44682312011719,53.057891845703125,-5.162353992462158,-55.67068862915039,1.4548914432525635,-129.8312530517578,-18.119041442871094,132.76885986328125,53.28690719604492,0.36786046624183655,-0.1668306589126587,1.3917149305343628,1.9451602697372437,58.302284240722656,36.99152374267578,1.2515532970428467,0.0
87,2.9,2727,1,6.229702331792799,-5.862805366516113,-54.21547317504883,1.4576900005340576,-125.41658020019531,-21.171772003173828,121.71076965332031,50.47871017456055,-5.144558906555176,-55.64748001098633,1.4790996313095093,-130.09730529785156,-18.10964584350586,132.6011962890625,53.287010192871094,0.3680301010608673,-0.16708847880363464,1.3922244310379028,1.812878966331482,59.328182220458984,37.0532112121582,1.247496247291565,0.0
88,2.933333333333333,2728,1,6.194975796979635,-6.279750823974609,-54.197654724121094,1.3361432552337646,-125.84407043457031,-22.031641006469727,121.8890380859375,48.75137710571289,-5.12321662902832,-55.62372970581055,1.502446174621582,-130.38400268554688,-18.103450775146484,132.39219665527344,53.286705017089844,0.3680335581302643,-0.16712407767772675,1.3926784992218018,1.624860405921936,58.79029083251953,36.97052001953125,1.0568623542785645,0.0
89,2.966666666666667,2729,1,6.145335874050571,-7.215568542480469,-54.155479431152344,1.271172285079956,-126.13672637939453,-22.501264572143555,122.02599334716797,47.74952697753906,-5.101194858551025,-55.60346221923828,1.5253775119781494,-130.6664276123047,-18.093427658081055,132.20201110839844,53.286949157714844,0.36786118149757385,-0.1669033169746399,1.3926583528518677,1.7073001861572266,58.10544204711914,37.030235290527344,1.068166971206665,0.0
90,3.0,2730,1,6.096352997828258,-8.089408874511719,-54.095359802246094,1.2266432046890259,-126.53266143798828,-22.795242309570312,122.08467864990234,48.298553466796875,-5.079259872436523,-55.583866119384766,1.5475353002548218,-130.94876098632812,-18.0826358795166,132.01512145996094,53.28717041015625,0.36769410967826843,-0.16692602634429932,1.393281102180481,1.731857419013977,57.937232971191406,36.953887939453125,0.8917632102966309,0.0
91,3.033333333333333,2731,1,6.054337744790318,-8.845111846923828,-54.040157318115234,1.0506891012191772,-127.06129455566406,-22.618207931518555,122.22655487060547,51.979278564453125,-5.058256149291992,-55.5654411315918,1.5678989887237549,-131.24508666992188,-18.075862884521484,131.86061096191406,53.28678894042969,0.3676239550113678,-0.16704538464546204,1.3939510583877563,2.1155176162719727,59.66230010986328,37.11407470703125,1.342507243156433,0.0
92,3.066666666666667,2732,1,5.914185609451086,-9.208955764770508,-54.06158447265625,0.7406969666481018,-127.789306640625,-22.237152099609375,122.37387084960938,57.9315299987793,-5.0356035232543945,-55.54560470581055,1.589614987373352,-131.54823303222656,-18.068058013916016,131.68885803222656,53.286949157714844,0.3676897883415222,-0.1672283262014389,1.3947917222976685,2.509182929992676,61.45197677612305,37.098445892333984,1.672412395477295,0.0
93,3.1,2733,1,5.755021583086287,-9.309396743774414,-54.11561965942383,0.45017555356025696,-128.48385620117188,-21.58656883239746,122.50208282470703,63.6995849609375,-5.013140678405762,-55.5276985168457,1.6113433837890625,-131.85301208496094,-18.060453414916992,131.5281982421875,53.2867431640625,0.3675762116909027,-0.16747751832008362,1.3950248956680298,2.760773181915283,61.417205810546875,36.95815658569336,1.6336722373962402,0.0
94,3.1333333333333333,2734,1,5.598923948041884,-9.598413467407227,-54.191001892089844,0.16521212458610535,-129.32008361816406,-20.998506546020508,122.54367065429688,68.55795288085938,-4.988984107971191,-55.510780334472656,1.632973074913025,-132.15879821777344,-18.052431106567383,131.3638153076172,53.287078857421875,0.36753350496292114,-0.16771365702152252,1.395050048828125,2.3995275497436523,60.98969268798828,37.1600341796875,1.5054833889007568,0.0
95,3.1666666666666665,2735,1,5.416429538242175,-10.074252128601074,-54.281314849853516,-0.0759039968252182,-130.13575744628906,-20.35438346862793,122.6461181640625,72.80908966064453,-4.963870525360107,-55.49527359008789,1.655205488204956,-132.4720001220703,-18.041791915893555,131.1995849609375,53.28676986694336,0.3674570918083191,-0.16784770786762238,1.3941570520401,2.2854161262512207,60.696044921875,37.074188232421875,1.5923120975494385,0.0
96,3.2,2736,1,5.256938508967678,-10.647567749023438,-54.32785415649414,-0.2418700009584427,-130.80775451660156,-19.788881301879883,122.77567291259766,75.90450286865234,-4.939722537994385,-55.48355484008789,1.6771563291549683,-132.7896728515625,-18.03133201599121,131.03182983398438,53.2872428894043,0.36710062623023987,-0.16779892146587372,1.392853021621704,2.03320574760437,59.9769287109375,37.16318893432617,1.2161953449249268,0.0
97,3.2333333333333334,2737,1,5.164569921195534,-11.285022735595703,-54.3770866394043,-0.25721701979637146,-131.21246337890625,-19.05192756652832,122.95044708251953,78.31021881103516,-4.914895057678223,-55.46694564819336,1.7000069618225098,-133.10682678222656,-18.023462295532227,130.85641479492188,53.28682327270508,0.36680909991264343,-0.1675899624824524,1.3914551734924316,1.8908275365829468,59.073883056640625,37.086395263671875,1.0824699401855469,0.0
98,3.2666666666666666,2738,1,5.153501567469596,-11.81866455078125,-54.394508361816406,-0.03238576650619507,-131.5597381591797,-18.19013214111328,123.18392944335938,79.01335906982422,-4.886220455169678,-55.4510498046875,1.7211241722106934,-133.42710876464844,-18.014358520507812,130.701904296875,53.28691482543945,0.36663854122161865,-0.16747289896011353,1.3904591798782349,1.7003073692321777,58.55730056762695,37.00897216796875,0.9612516760826111,0.0
99,3.3,2739,1,5.187350125788616,-12.049142837524414,-54.31084060668945,0.25607380270957947,-131.9425811767578,-17.458724975585938,123.41970825195312,78.761474609375,-4.851667404174805,-55.44242477416992,1.7416692972183228,-133.74989318847656,-17.997541427612305,130.56051635742188,53.287235260009766,0.36660298705101013,-0.16743235290050507,1.3900076150894165,1.3182483911514282,58.17449188232422,37.295448303222656,0.9212254285812378,0.0
100,3.3333333333333335,2740,1,5.155682821844107,-12.290395736694336,-54.25640869140625,0.6556238532066345,-132.2498321533203,-16.813562393188477,123.58863067626953,77.50271606445312,-4.813222885131836,-55.432891845703125,1.7624492645263672,-134.06903076171875,-17.982969284057617,130.4192657470703,53.28688430786133,0.3666509687900543,-0.16745655238628387,1.389794945716858,1.5325284004211426,59.094600677490234,37.009761810302734,1.004584789276123,0.0
101,3.3666666666666667,2741,1,5.1584298777235436,-12.840362548828125,-54.228336334228516,1.0215184688568115,-132.40533447265625,-16.290973663330078,123.7691421508789,74.37019348144531,-4.775084018707275,-55.42719650268555,1.7847405672073364,-134.40065002441406,-17.970251083374023,130.24830627441406,53.28692626953125,0.36659374833106995,-0.1675683856010437,1.3896465301513672,2.0078792572021484,58.840450286865234,37.08501052856445,1.116381049156189,0.0
102,3.4,2742,1,5.151187462650077,-13.58969497680664,-54.17497253417969,1.507270097732544,-132.68202209472656,-15.720062255859375,123.8914566040039,69.85768127441406,-4.737196922302246,-55.41161346435547,1.8059672117233276,-134.7320556640625,-17.953269958496094,130.0673370361328,53.28713607788086,0.36638036370277405,-0.16777347028255463,1.3896623849868774,2.42915415763855,60.16486358642578,37.064979553222656,1.5883383750915527,0.0
103,3.433333333333333,2743,1,5.105791756116072,-14.336194038391113,-54.11540985107422,1.971103310585022,-132.96058654785156,-15.193737983703613,124.0741195678711,67.48419189453125,-4.698788166046143,-55.39542007446289,1.8270225524902344,-135.06906127929688,-17.935958862304688,129.89292907714844,53.286949157714844,0.36584898829460144,-0.16780546307563782,1.3886796236038208,1.9114758968353271,58.83102798461914,36.95703125,1.1214253902435303,0.0
104,3.466666666666667,2744,1,5.061613577030989,-15.185186386108398,-54.07053756713867,2.263453722000122,-133.25350952148438,-14.70077896118164,124.24938201904297,66.11690521240234,-4.665987014770508,-55.37677001953125,1.8483130931854248,-135.41944885253906,-17.91822624206543,129.7287139892578,53.287174224853516,0.364788681268692,-0.167653426527977,1.3865406513214111,1.4072731733322144,58.43720626831055,37.093868255615234,0.9828514456748962,0.0
105,3.5,2745,1,5.079151254294745,-15.513011932373047,-54.0351676940918,2.7143075466156006,-133.49671936035156,-14.087186813354492,124.43019104003906,66.06966400146484,-4.63606071472168,-55.359046936035156,1.8690871000289917,-135.78018188476562,-17.89965057373047,129.57089233398438,53.2867317199707,0.36373454332351685,-0.16735804080963135,1.3833808898925781,1.5970011949539185,59.07041549682617,37.14851760864258,0.9354016780853271,0.0
106,3.533333333333333,2746,1,5.1783387691827505,-15.27940559387207,-54.01513671875,3.407409191131592,-133.7611083984375,-13.394843101501465,124.64381408691406,65.69017028808594,-4.6029133796691895,-55.33689880371094,1.8903136253356934,-136.1471710205078,-17.880556106567383,129.39634704589844,53.28690719604492,0.36271533370018005,-0.16710235178470612,1.3803576231002808,1.302682876586914,57.986114501953125,37.15402603149414,0.916175127029419,0.0
107,3.566666666666667,2747,1,5.2544272365379445,-14.588703155517578,-53.898223876953125,4.327202320098877,-133.91864013671875,-12.832762718200684,124.77779388427734,66.26335144042969,-4.5679450035095215,-55.315528869628906,1.9116367101669312,-136.5215301513672,-17.860124588012695,129.2366180419922,53.2868537902832,0.36188650131225586,-0.16686151921749115,1.3777793645858765,1.482403039932251,59.60016632080078,37.002159118652344,0.9545793533325195,0.0
108,3.6,2748,1,5.303135469584569,-13.981488227844238,-53.77963638305664,5.282340049743652,-133.94989013671875,-12.24079418182373,124.91724395751953,67.27043914794922,-4.533726692199707,-55.29433822631836,1.9333558082580566,-136.89385986328125,-17.838205337524414,129.04364013671875,53.28721237182617,0.36125144362449646,-0.16666312515735626,1.3753987550735474,1.6652426719665527,58.54286193847656,36.98307418823242,0.9956505298614502,0.0
109,3.6333333333333333,2749,1,5.379019094877321,-13.071765899658203,-53.650665283203125,6.16658878326416,-134.0877227783203,-11.442462921142578,125.27423858642578,67.92413330078125,-4.498630046844482,-55.27408981323242,1.9535917043685913,-137.27853393554688,-17.812381744384766,128.84226989746094,53.28695297241211,0.3610284924507141,-0.16670502722263336,1.3743599653244019,1.6005150079727173,58.53882598876953,37.18489456176758,1.0070858001708984,0.0
110,3.6666666666666665,2750,1,5.424298193410164,-13.073001861572266,-53.487396240234375,7.031170845031738,-134.31561279296875,-10.444295883178711,125.78330993652344,68.1510238647461,-4.462687969207764,-55.24441146850586,1.9745945930480957,-137.67608642578125,-17.779674530029297,128.639892578125,53.287017822265625,0.36093997955322266,-0.1669667661190033,1.3746929168701172,1.625800609588623,58.53669738769531,37.25016784667969,0.9733145833015442,0.0
111,3.7,2751,1,5.44043646048955,-13.91138744354248,-53.31020736694336,7.5624847412109375,-134.5760040283203,-9.546690940856934,126.31922912597656,67.54808807373047,-4.428176403045654,-55.21441650390625,1.9949254989624023,-138.07289123535156,-17.741168975830078,128.4504852294922,53.2872200012207,0.3612308204174042,-0.1673063188791275,1.3769433498382568,1.5499721765518188,58.78156661987305,37.2197151184082,1.0072689056396484,0.0
112,3.7333333333333334,2752,1,5.4941246562915165,-15.366596221923828,-53.10680389404297,7.792145729064941,-134.91049194335938,-8.819822311401367,126.85652160644531,65.42352294921875,-4.393855094909668,-55.18247985839844,2.0155587196350098,-138.47178649902344,-17.704954147338867,128.26315307617188,53.28681564331055,0.3617834448814392,-0.16776050627231598,1.380431056022644,1.9519976377487183,59.29289245605469,37.11442565917969,1.1712853908538818,0.0
113,3.7666666666666666,2753,1,5.572362058834342,-16.81952476501465,-52.87319564819336,8.047041893005371,-135.30995178222656,-8.308502197265625,127.28390502929688,62.29585647583008,-4.351840972900391,-55.147064208984375,2.0355165004730225,-138.87725830078125,-17.67332649230957,128.07894897460938,53.28684997558594,0.3624899089336395,-0.16818511486053467,1.3844012022018433,2.1317138671875,59.82128143310547,37.04449462890625,1.2949379682540894,0.0
114,3.8,2754,1,5.561870501019924,-17.977825164794922,-52.644588470458984,8.321440696716309,-135.868408203125,-7.9706525802612305,127.50244140625,58.00632095336914,-4.302933216094971,-55.10228729248047,2.0562219619750977,-139.27517700195312,-17.63681411743164,127.85137939453125,53.28689956665039,0.36316755414009094,-0.16860222816467285,1.3884069919586182,2.190620183944702,60.74156188964844,37.058040618896484,1.4572347402572632,0.0
115,3.8333333333333335,2755,1,5.448840508422282,-18.814044952392578,-52.35018539428711,8.573647499084473,-136.42916870117188,-7.9460768699646,127.39247131347656,53.31216812133789,-4.25499963760376,-55.05888748168945,2.0768847465515137,-139.67372131347656,-17.59536361694336,127.62689971923828,53.28675079345703,0.36372631788253784,-0.16898296773433685,1.3920778036117554,2.3892874717712402,61.664730072021484,37.15510177612305,1.4955850839614868,0.0
116,3.8666666666666667,2756,1,5.380581520825337,-18.8454532623291,-52.33119583129883,8.571118354797363,-137.17739868164062,-7.8803277015686035,127.23417663574219,49.814517974853516,-4.206147193908691,-55.0086555480957,2.0974788665771484,-140.0763397216797,-17.54593849182129,127.43171691894531,53.28689956665039,0.36403268575668335,-0.1692975014448166,1.3943896293640137,2.1015918254852295,59.39348220825195,37.13084030151367,1.3846471309661865,0.0
117,3.9,2757,1,5.298640417332223,-18.303813934326172,-52.42366409301758,8.435087203979492,-138.05055236816406,-7.924553871154785,126.92539978027344,46.505794525146484,-4.1604719161987305,-54.95586013793945,2.117689609527588,-140.48565673828125,-17.506502151489258,127.24869537353516,53.2869873046875,0.36417561769485474,-0.1695636659860611,1.3958948850631714,1.9479739665985107,59.5867805480957,37.15846252441406,1.2384271621704102,0.0
118,3.933333333333333,2758,1,5.197824717671742,-17.189115524291992,-52.627586364746094,8.165556907653809,-139.0486602783203,-8.078756332397461,126.46611022949219,43.38601303100586,-4.116259574890137,-54.89800262451172,2.1370272636413574,-140.8898162841797,-17.473295211791992,127.0587387084961,53.28694534301758,0.3641550838947296,-0.16978149116039276,1.3965935707092285,1.9705147743225098,59.66796875,37.186885833740234,1.4187341928482056,0.0
119,3.966666666666667,2759,1,5.071324047071334,-15.501362800598145,-52.942962646484375,7.7625274658203125,-140.1717071533203,-8.342936515808105,125.85636138916016,40.455169677734375,-4.06831693649292,-54.83729934692383,2.156506299972534,-141.2882537841797,-17.433351516723633,126.88423919677734,53.28717803955078,0.36397111415863037,-0.16995097696781158,1.396485686302185,2.1450905799865723,60.39563751220703,37.12394332885742,1.3128629922866821,0.0
120,4.0,2758,1,5.197824717671742,-17.189115524291992,-52.627586364746094,8.165556907653809,-139.0486602783203,-8.078756332397461,126.46611022949219,43.38601303100586,-4.116259574890137,-54.89800262451172,2.1370272636413574,-140.8898162841797,-17.473295211791992,127.0587387084961,53.28694534301758,0.3641550838947296,-0.16978149116039276,1.3965935707092285,2.200772762298584,59.797019958496094,37.109092712402344,1.3543320894241333,0.0
121,4.033333333333333,2757,1,5.298640417332223,-18.303813934326172,-52.42366409301758,8.435087203979492,-138.05055236816406,-7.924553871154785,126.92539978027344,46.505794525146484,-4.1604719161987305,-54.95586013793945,2.117689609527588,-140.48565673828125,-17.506502151489258,127.24869537353516,53.2869873046875,0.36417561769485474,-0.1695636659860611,1.3958948850631714,2.1314923763275146,60.06339645385742,37.02653884887695,1.3358964920043945,0.0
122,4.066666666666666,2756,1,5.380581520825337,-18.8454532623291,-52.33119583129883,8.571118354797363,-137.17739868164062,-7.8803277015686035,127.23417663574219,49.814517974853516,-4.206147193908691,-55.0086555480957,2.0974788665771484,-140.0763397216797,-17.54593849182129,127.43171691894531,53.28689956665039,0.36403268575668335,-0.1692975014448166,1.3943896293640137,2.225064516067505,60.306827545166016,37.25586700439453,1.3735649585723877,0.0
123,4.1,2755,1,5.448840508422282,-18.814044952392578,-52.35018539428711,8.573647499084473,-136.42916870117188,-7.9460768699646,127.39247131347656,53.31216812133789,-4.25499963760376,-55.05888748168945,2.0768847465515137,-139.67372131347656,-17.59536361694336,127.62689971923828,53.28675079345703,0.36372631788253784,-0.16898296773433685,1.3920778036117554,2.26932692527771,59.88182067871094,37.09880447387695,1.3304635286331177,0.0
124,4.133333333333334,2754,1,5.561870501019924,-17.977825164794922,-52.644588470458984,8.321440696716309,-135.868408203125,-7.9706525802612305,127.50244140625,58.00632095336914,-4.302933216094971,-55.10228729248047,2.0562219619750977,-139.27517700195312,-17.63681411743164,127.85137939453125,53.28689956665039,0.36316755414009094,-0.16860222816467285,1.3884069919586182,2.351698160171509,60.33326721191406,37.078956604003906,1.5987176895141602,0.0
125,4.166666666666667,2753,1,5.572362058834342,-16.81952476501465,-52.87319564819336,8.047041893005371,-135.30995178222656,-8.308502197265625,127.28390502929688,62.29585647583008,-4.351840972900391,-55.147064208984375,2.0355165004730225,-138.87725830078125,-17.67332649230957,128.07894897460938,53.28684997558594,0.3624899089336395,-0.16818511486053467,1.3844012022018433,2.321866512298584,60.512874603271484,37.21870803833008,1.5629569292068481,0.0
126,4.2,2752,1,5.4941246562915165,-15.366596221923828,-53.10680389404297,7.792145729064941,-134.91049194335938,-8.819822311401367,126.85652160644531,65.42352294921875,-4.393855094909668,-55.18247985839844,2.0155587196350098,-138.47178649902344,-17.704954147338867,128.26315307617188,53.28681564331055,0.3617834448814392,-0.16776050627231598,1.380431056022644,2.1796467304229736,59.90752410888672,37.1327018737793,1.2541148662567139,0.0
127,4.233333333333333,2751,1,5.44043646048955,-13.91138744354248,-53.31020736694336,7.5624847412109375,-134.5760040283203,-9.546690940856934,126.31922912597656,67.54808807373047,-4.428176403045654,-55.21441650390625,1.9949254989624023,-138.07289123535156,-17.741168975830078,128.4504852294922,53.2872200012207,0.3612308204174042,-0.1673063188791275,1.3769433498382568,1.8994019031524658,59.267295837402344,36.99103546142578,1.103975534439087,0.0
128,4.266666666666667,2750,1,5.424298193410164,-13.073001861572266,-53.487396240234375,7.031170845031738,-134.31561279296875,-10.444295883178711,125.78330993652344,68.1510238647461,-4.462687969207764,-55.24441146850586,1.9745945930480957,-137.67608642578125,-17.779674530029297,128.639892578125,53.287017822265625,0.36093997955322266,-0.1669667661190033,1.3746929168701172,1.785310983657837,58.5493049621582,37.09605407714844,0.992477536201477,0.0
129,4.3,2749,1,5.379019094877321,-13.071765899658203,-53.650665283203125,6.16658878326416,-134.0877227783203,-11.442462921142578,125.27423858642578,67.92413330078125,-4.498630046844482,-55.27408981323242,1.9535917043685913,-137.27853393554688,-17.812381744384766,128.84226989746094,53.28695297241211,0.3610284924507141,-0.16670502722263336,1.3743599653244019,1.6119788885116577,58.2545051574707,37.19068908691406,0.9124425649642944,0.0
130,4.333333333333333,2748,1,5.303135469584569,-13.981488227844238,-53.77963638305664,5.282340049743652,-133.94989013671875,-12.24079418182373,124.91724395751953,67.27043914794922,-4.533726692199707,-55.29433822631836,1.9333558082580566,-136.89385986328125,-17.838205337524414,129.04364013671875,53.28721237182617,0.36125144362449646,-0.16666312515735626,1.3753987550735474,1.7163172960281372,58.200252532958984,37.147098541259766,1.0974035263061523,0.0
131,4.366666666666666,2747,1,5.2544272365379445,-14.588703155517578,-53.898223876953125,4.327202320098877,-133.91864013671875,-12.832762718200684,124.77779388427734,66.26335144042969,-4.5679450035095215,-55.315528869628906,1.9116367101669312,-136.5215301513672,-17.860124588012695,129.2366180419922,53.2868537902832,0.36188650131225586,-0.16686151921749115,1.3777793645858765,1.722548007965088,58.57366180419922,37.118438720703125,1.0421026945114136,0.0
132,4.4,2746,1,5.1783387691827505,-15.27940559387207,-54.01513671875,3.407409191131592,-133.7611083984375,-13.394843101501465,124.64381408691406,65.69017028808594,-4.6029133796691895,-55.33689880371094,1.8903136253356934,-136.1471710205078,-17.880556106567383,129.39634704589844,53.28690719604492,0.36271533370018005,-0.16710235178470612,1.3803576231002808,1.6678210496902466,58.7294921875,37.14733123779297,0.984171986579895,0.0
133,4.433333333333334,2745,1,5.079151254294745,-15.513011932373047,-54.0351676940918,2.7143075466156006,-133.49671936035156,-14.087186813354492,124.43019104003906,66.06966400146484,-4.63606071472168,-55.359046936035156,1.8690871000289917,-135.78018188476562,-17.89965057373047,129.57089233398438,53.2867317199707,0.36373454332351685,-0.16735804080963135,1.3833808898925781,1.5739035606384277,58.31985855102539,37.150333404541016,0.8654717803001404,0.0
134,4.466666666666667,2744,1,5.061613577030989,-15.185186386108398,-54.07053756713867,2.263453722000122,-133.25350952148438,-14.70077896118164,124.24938201904297,66.11690521240234,-4.665987014770508,-55.37677001953125,1.8483130931854248,-135.41944885253906,-17.91822624206543,129.7287139892578,53.287174224853516,0.364788681268692,-0.167653426527977,1.3865406513214111,1.5657312870025635,57.86163330078125,37.198726654052734,0.8467263579368591,0.0
135,4.5,2743,1,5.105791756116072,-14.336194038391113,-54.11540985107422,1.971103310585022,-132.96058654785156,-15.193737983703613,124.0741195678711,67.48419189453125,-4.698788166046143,-55.39542007446289,1.8270225524902344,-135.06906127929688,-17.935958862304688,129.89292907714844,53.286949157714844,0.36584898829460144,-0.16780546307563782,1.3886796236038208,1.7725976705551147,58.85359191894531,37.11801528930664,0.9772454500198364,0.0
136,4.533333333333333,2742,1,5.151187462650077,-13.58969497680664,-54.17497253417969,1.507270097732544,-132.68202209472656,-15.720062255859375,123.8914566040039,69.85768127441406,-4.737196922302246,-55.41161346435547,1.8059672117233276,-134.7320556640625,-17.953269958496094,130.0673370361328,53.28713607788086,0.36638036370277405,-0.16777347028255463,1.3896623849868774,2.069079875946045,59.44989776611328,37.14728927612305,1.1752318143844604,0.0
137,4.566666666666666,2741,1,5.1584298777235436,-12.840362548828125,-54.228336334228516,1.0215184688568115,-132.40533447265625,-16.290973663330078,123.7691421508789,74.37019348144531,-4.775084018707275,-55.42719650268555,1.7847405672073364,-134.40065002441406,-17.970251083374023,130.24830627441406,53.28692626953125,0.36659374833106995,-0.1675683856010437,1.3896465301513672,2.22448992729187,60.85116195678711,37.16130065917969,1.559874176979065,0.0
138,4.6,2740,1,5.155682821844107,-12.290395736694336,-54.25640869140625,0.6556238532066345,-132.2498321533203,-16.813562393188477,123.58863067626953,77.50271606445312,-4.813222885131836,-55.432891845703125,1.7624492645263672,-134.06903076171875,-17.982969284057617,130.4192657470703,53.28688430786133,0.3666509687900543,-0.16745655238628387,1.389794945716858,1.9521260261535645,59.70413589477539,37.10404586791992,1.1916688680648804,0.0
139,4.633333333333334,2739,1,5.187350125788616,-12.049142837524414,-54.31084060668945,0.25607380270957947,-131.9425811767578,-17.458724975585938,123.41970825195312,78.761474609375,-4.851667404174805,-55.44242477416992,1.7416692972183228,-133.74989318847656,-17.997541427612305,130.56051635742188,53.287235260009766,0.36660298705101013,-0.16743235290050507,1.3900076150894165,1.6075248718261719,58.55696487426758,37.13649368286133,0.9765170216560364,0.0
140,4.666666666666667,2738,1,5.153501567469596,-11.81866455078125,-54.394508361816406,-0.03238576650619507,-131.5597381591797,-18.19013214111328,123.18392944335938,79.01335906982422,-4.886220455169678,-55.4510498046875,1.7211241722106934,-133.42710876464844,-18.014358520507812,130.701904296875,53.28691482543945,0.36663854122161865,-0.16747289896011353,1.3904591798782349,1.5646511316299438,58.423606872558594,37.08624267578125,0.8428962826728821,0.0
141,4.7,2737,1,5.164569921195534,-11.285022735595703,-54.3770866394043,-0.25721701979637146,-131.21246337890625,-19.05192756652832,122.95044708251953,78.31021881103516,-4.914895057678223,-55.46694564819336,1.7000069618225098,-133.10682678222656,-18.023462295532227,130.85641479492188,53.28682327270508,0.36680909991264343,-0.1675899624824524,1.3914551734924316,1.6098284721374512,59.0322380065918,37.069190979003906,0.8595824241638184,0.0
142,4.733333333333333,2736,1,5.256938508967678,-10.647567749023438,-54.32785415649414,-0.2418700009584427,-130.80775451660156,-19.788881301879883,122.77567291259766,75.90450286865234,-4.939722537994385,-55.48355484008789,1.6771563291549683,-132.7896728515625,-18.03133201599121,131.03182983398438,53.2872428894043,0.36710062623023987,-0.16779892146587372,1.392853021621704,2.0759878158569336,58.324615478515625,37.07151412963867,1.1782968044281006,0.0
143,4.766666666666667,2735,1,5.416429538242175,-10.074252128601074,-54.281314849853516,-0.0759039968252182,-130.13575744628906,-20.35438346862793,122.6461181640625,72.80908966064453,-4.963870525360107,-55.49527359008789,1.655205488204956,-132.4720001220703,-18.041791915893555,131.1995849609375,53.28676986694336,0.3674570918083191,-0.16784770786762238,1.3941570520401,1.809240698814392,60.35399627685547,37.082847595214844,1.304991364479065,0.0
144,4.8,2734,1,5.598923948041884,-9.598413467407227,-54.191001892089844,0.16521212458610535,-129.32008361816406,-20.998506546020508,122.54367065429688,68.55795288085938,-4.988984107971191,-55.510780334472656,1.632973074913025,-132.15879821777344,-18.052431106567383,131.3638153076172,53.287078857421875,0.36753350496292114,-0.16771365702152252,1.395050048828125,2.2709436416625977,59.66448974609375,37.182525634765625,1.4806063175201416,0.0
145,4.833333333333333,2733,1,5.755021583086287,-9.309396743774414,-54.11561965942383,0.45017555356025696,-128.48385620117188,-21.58656883239746,122.50208282470703,63.6995849609375,-5.013140678405762,-55.5276985168457,1.6113433837890625,-131.85301208496094,-18.060453414916992,131.5281982421875,53.2867431640625,0.3675762116909027,-0.16747751832008362,1.3950248956680298,2.512573003768921,60.10242462158203,37.318031311035156,1.5634956359863281,0.0
146,4.866666666666666,2732,1,5.914185609451086,-9.208955764770508,-54.06158447265625,0.7406969666481018,-127.789306640625,-22.237152099609375,122.37387084960938,57.9315299987793,-5.0356035232543945,-55.54560470581055,1.589614987373352,-131.54823303222656,-18.068058013916016,131.68885803222656,53.286949157714844,0.3676897883415222,-0.1672283262014389,1.3947917222976685,2.700477123260498,61.73009490966797,37.12336349487305,1.7468658685684204,0.0
147,4.9,2731,1,6.054337744790318,-8.845111846923828,-54.040157318115234,1.0506891012191772,-127.06129455566406,-22.618207931518555,122.22655487060547,51.979278564453125,-5.058256149291992,-55.5654411315918,1.5678989887237549,-131.24508666992188,-18.075862884521484,131.86061096191406,53.28678894042969,0.3676239550113678,-0.16704538464546204,1.3939510583877563,2.4177803993225098,61.09502029418945,37.087303161621094,1.7977677583694458,0.0
148,4.933333333333334,2730,1,6.096352997828258,-8.089408874511719,-54.095359802246094,1.2266432046890259,-126.53266143798828,-22.795242309570312,122.08467864990234,48.298553466796875,-5.079259872436523,-55.583866119384766,1.5475353002548218,-130.94876098632812,-18.0826358795166,132.01512145996094,53.28717041015625,0.36769410967826843,-0.16692602634429932,1.393281102180481,2.1405110359191895,60.37510299682617,36.920326232910156,1.3618090152740479,0.0
149,4.966666666666667,2729,1,6.145335874050571,-7.215568542480469,-54.155479431152344,1.271172285079956,-126.13672637939453,-22.501264572143555,122.02599334716797,47.74952697753906,-5.101194858551025,-55.60346221923828,1.5253775119781494,-130.6664276123047,-18.093427658081055,132.20201110839844,53.286949157714844,0.36786118149757385,-0.1669033169746399,1.3926583528518677,1.4898937940597534,57.2640495300293,37.05168151855469,0.8783908486366272,0.0
150,5.0,2728,1,6.194975796979635,-6.279750823974609,-54.197654724121094,1.3361432552337646,-125.84407043457031,-22.031641006469727,121.8890380859375,48.75137710571289,-5.12321662902832,-55.62372970581055,1.502446174621582,-130.38400268554688,-18.103450775146484,132.39219665527344,53.286705017089844,0.3680335581302643,-0.16712407767772675,1.3926784992218018,1.52275812625885,58.08327865600586,37.147884368896484,1.0619921684265137,0.0
151,5.033333333333333,2727,1,6.229702331792799,-5.862805366516113,-54.21547317504883,1.4576900005340576,-125.41658020019531,-21.171772003173828,121.71076965332031,50.47871017456055,-5.144558906555176,-55.64748001098633,1.4790996313095093,-130.09730529785156,-18.10964584350586,132.6011962890625,53.287010192871094,0.3680301010608673,-0.16708847880363464,1.3922244310379028,1.7096716165542603,58.814998626708984,37.22615432739258,1.0523872375488281,0.0
152,5.066666666666666,2726,1,6.32265940094549,-5.912112236022949,-54.16808319091797,1.5937073230743408,-124.89997100830078,-20.32172393798828,121.44682312011719,53.057891845703125,-5.162353992462158,-55.67068862915039,1.4548914432525635,-129.8312530517578,-18.119041442871094,132.76885986328125,53.28690719604492,0.36786046624183655,-0.1668306589126587,1.3917149305343628,1.859910011291504,59.54890060424805,37.10209274291992,1.1471195220947266,0.0
153,5.1,2725,1,6.3856069525953325,-6.610885143280029,-54.11688232421875,1.7742228507995605,-124.40563201904297,-19.386920928955078,121.16471099853516,55.74824523925781,-5.179350852966309,-55.692317962646484,1.429630160331726,-129.5554656982422,-18.128097534179688,132.9468536376953,53.286659240722656,0.36750558018684387,-0.16643357276916504,1.39035964012146,1.94599449634552,59.2859992980957,37.00236892700195,1.269834280014038,0.0
154,5.133333333333334,2724,1,6.397139099997247,-7.40670108795166,-54.04356384277344,1.9413940906524658,-124.01994323730469,-18.61168098449707,120.90985870361328,58.3664436340332,-5.196732521057129,-55.71360778808594,1.400996446609497,-129.28347778320312,-18.138153076171875,133.1238555908203,53.2869873046875,0.36720165610313416,-0.1659778356552124,1.3887933492660522,2.1477787494659424,59.64789581298828,37.28017044067383,1.2439837455749512,0.0
155,5.166666666666667,2723,1,6.399525781129647,-7.6367692947387695,-53.95795822143555,2.111475944519043,-123.71600341796875,-17.96565055847168,120.71553039550781,60.288150787353516,-5.2132344245910645,-55.73563766479492,1.3691405057907104,-129.0136260986328,-18.147066116333008,133.3116455078125,53.28670883178711,0.36678972840309143,-0.16557712852954865,1.3866124153137207,1.8027175664901733,59.12535095214844,37.11258316040039,1.103399634361267,0.0
156,5.2,2722,1,6.388100690892188,-7.345584392547607,-53.91694259643555,2.170905828475952,-123.49363708496094,-17.19331932067871,120.59097290039062,62.235137939453125,-5.230658531188965,-55.75632095336914,1.3363631963729858,-128.75389099121094,-18.160491943359375,133.5188751220703,53.28684616088867,0.3665305972099304,-0.16532188653945923,1.3842965364456177,1.7693724632263184,59.0280647277832,37.04338836669922,1.0659828186035156,0.0
157,5.233333333333333,2721,1,6.380540120500489,-6.873116493225098,-53.92984390258789,2.1444294452667236,-123.30577850341797,-16.434024810791016,120.82276153564453,63.26322937011719,-5.248647212982178,-55.780517578125,1.3012439012527466,-128.50343322753906,-18.171260833740234,133.72894287109375,53.28669357299805,0.36639678478240967,-0.16518846154212952,1.382496953010559,1.5795663595199585,58.8543701171875,37.06338882446289,1.0416617393493652,0.0
158,5.266666666666667,2720,1,6.366800542169984,-6.284470558166504,-53.91575622558594,2.225736618041992,-123.18567657470703,-15.724928855895996,121.08307647705078,63.090782165527344,-5.263988018035889,-55.80454635620117,1.2668862342834473,-128.2492218017578,-18.181346893310547,133.90106201171875,53.286949157714844,0.3664563298225403,-0.16538789868354797,1.3817890882492065,1.5714735984802246,57.61638259887695,37.08448028564453,0.9122438430786133,0.0
159,5.3,2719,1,6.3398301881849894,-6.041424751281738,-53.87120819091797,2.4785614013671875,-122.95829010009766,-14.69640064239502,121.52793884277344,63.403987884521484,-5.275571346282959,-55.825042724609375,1.2354073524475098,-128.0018768310547,-18.186107635498047,134.082763671875,53.286582946777344,0.36653074622154236,-0.16545459628105164,1.3810086250305176,1.5652060508728027,58.37580108642578,37.07148361206055,0.8975029587745667,0.0
160,5.333333333333333,2718,1,6.334245966090502,-6.04327917098999,-53.83760070800781,2.732902765274048,-122.65259552001953,-13.773653984069824,121.95602416992188,62.944637298583984,-5.285622596740723,-55.85420608520508,1.2008419036865234,-127.7516860961914,-18.195037841796875,134.2857666015625,53.28702163696289,0.3666185140609741,-0.16554157435894012,1.3807967901229858,1.4848294258117676,58.69722366333008,37.12089920043945,0.9102244973182678,0.0
161,5.366666666666666,2717,1,6.3626316925177875,-6.404510974884033,-53.79912567138672,3.085742950439453,-122.3186264038086,-12.909463882446289,122.3278579711914,62.02787399291992,-5.294641971588135,-55.88173294067383,1.168632984161377,-127.53190612792969,-18.200105667114258,134.48562622070312,53.286903381347656,0.36689022183418274,-0.16561736166477203,1.3813883066177368,1.6342593431472778,58.66419219970703,37.138484954833984,0.9435703158378601,0.0
162,5.4,2716,1,6.344616676953434,-6.8602142333984375,-53.69544219970703,3.4853355884552,-121.95198059082031,-12.329486846923828,122.49195098876953,60.916378021240234,-5.305485248565674,-55.90937042236328,1.1361294984817505,-127.3047866821289,-18.209712982177734,134.68856811523438,53.28685760498047,0.36734259128570557,-0.16580617427825928,1.3830384016036987,1.4957354068756104,59.01163864135742,37.09584426879883,0.9684041142463684,0.0
163,5.433333333333334,2715,1,6.307121974006067,-7.072090148925781,-53.56779861450195,3.837461233139038,-121.61711120605469,-12.18325424194336,122.50550079345703,59.712501525878906,-5.315690517425537,-55.94025802612305,1.1051052808761597,-127.08991241455078,-18.214284896850586,134.89959716796875,53.28667449951172,0.3678596019744873,-0.16604460775852203,1.3848878145217896,1.731579065322876,58.757259368896484,37.14764404296875,0.9531024098396301,0.0
164,5.466666666666667,2714,1,6.233219735144596,-7.200183391571045,-53.42632293701172,4.1210174560546875,-121.32767486572266,-12.103254318237305,122.25360107421875,58.4835319519043,-5.322808742523193,-55.97018051147461,1.0745677947998047,-126.8682861328125,-18.218645095825195,135.0748748779297,53.286865234375,0.3683378994464874,-0.16635853052139282,1.3868247270584106,1.448912501335144,58.29853820800781,37.155059814453125,1.0366061925888062,0.0
165,5.5,2713,1,6.170863358059642,-7.446712493896484,-53.314876556396484,4.218146324157715,-121.10386657714844,-12.28186321258545,122.0088119506836,57.029239654541016,-5.327914714813232,-55.99301528930664,1.0448476076126099,-126.63546752929688,-18.224414825439453,135.2451934814453,53.28669357299805,0.3686695396900177,-0.16653695702552795,1.3885140419006348,1.8330775499343872,58.62284851074219,37.09121322631836,0.9856413006782532,0.0
166,5.533333333333333,2712,1,6.136709430521597,-7.673764705657959,-53.21001434326172,4.29581356048584,-120.81847381591797,-12.26298999786377,121.62049865722656,57.81653594970703,-5.331988334655762,-56.01146697998047,1.0161786079406738,-126.4015884399414,-18.23042106628418,135.41864013671875,53.286712646484375,0.368997186422348,-0.16671422123908997,1.3898566961288452,1.7700163125991821,58.579627990722656,37.23258590698242,0.8497685790061951,0.0
167,5.566666666666666,2711,1,6.166053980724734,-7.591516017913818,-53.159671783447266,4.248771667480469,-120.55936431884766,-12.114204406738281,121.51209259033203,60.46073532104492,-5.338130474090576,-56.020442962646484,0.986729621887207,-126.1614990234375,-18.236860275268555,135.6046905517578,53.28643035888672,0.3690800666809082,-0.16673649847507477,1.389922022819519,1.9256856441497803,59.27870178222656,37.053497314453125,1.1656430959701538,0.0
168,5.6,2710,1,6.254785440877214,-7.5105881690979,-53.1378288269043,4.057786464691162,-120.37830352783203,-12.00897216796875,121.47201538085938,63.381446838378906,-5.34536075592041,-56.022918701171875,0.9578748345375061,-125.90906524658203,-18.244386672973633,135.7852020263672,53.286834716796875,0.3689957857131958,-0.1666429191827774,1.3894169330596924,2.0745439529418945,59.8525276184082,37.132179260253906,1.0664441585540771,0.0
169,5.633333333333334,2709,1,6.294517580529719,-7.3233489990234375,-53.12847137451172,3.921403408050537,-120.15995788574219,-11.742277145385742,121.73008728027344,66.14282989501953,-5.355432510375977,-56.01232147216797,0.92619389295578,-125.61420440673828,-18.25344467163086,135.9996795654297,53.2867546081543,0.36891788244247437,-0.16645532846450806,1.3888403177261353,2.0544545650482178,59.84939956665039,37.146728515625,1.169615387916565,0.0
170,5.666666666666667,2708,1,6.299125860679544,-7.101852893829346,-53.09183120727539,3.7855722904205322,-119.86653137207031,-11.394632339477539,122.13511657714844,68.73451232910156,-5.364485740661621,-55.99434280395508,0.8984854221343994,-125.3295669555664,-18.26178741455078,136.1742401123047,53.28642654418945,0.368802934885025,-0.1662602424621582,1.3885256052017212,1.850672721862793,59.29279708862305,37.16360092163086,1.2114633321762085,0.0
171,5.7,2707,1,6.2727336194780055,-6.781435012817383,-53.04517364501953,3.8236002922058105,-119.58122253417969,-10.904747009277344,122.6922378540039,71.2603988647461,-5.373924255371094,-55.959312438964844,0.8731433153152466,-125.03230285644531,-18.270898818969727,136.35182189941406,53.28666687011719,0.36864611506462097,-0.16627736389636993,1.3884103298187256,1.9125796556472778,59.358726501464844,37.18122100830078,1.1349730491638184,0.0
172,5.733333333333333,2706,1,6.243977341928594,-6.721370220184326,-53.04146194458008,4.0190815925598145,-119.31282806396484,-10.351993560791016,122.96408081054688,72.73431396484375,-5.385014533996582,-55.91244125366211,0.8491069674491882,-124.73372650146484,-18.279563903808594,136.52301025390625,53.28644943237305,0.3685878813266754,-0.16651326417922974,1.3879709243774414,1.5932775735855103,59.374000549316406,37.1274528503418,0.975050687789917,0.0
173,5.766666666666667,2705,1,6.412438307968546,-6.789450168609619,-52.94657516479492,4.260852813720703,-119.0681381225586,-9.693808555603027,123.46923828125,73.78568267822266,-5.385014533996582,-55.91244125366211,0.8491069674491882,-124.73372650146484,-18.279563903808594,136.52301025390625,53.28644943237305,0.3683454990386963,-0.16695597767829895,1.387256145477295,1.5164134502410889,58.46843338012695,37.1246223449707,0.8802916407585144,0.0
174,5.8,2704,1,6.098777893804239,-6.967100143432617,-52.754817962646484,4.474719047546387,-118.81968688964844,-8.938729286193848,123.98218536376953,76.02393341064453,-5.4083452224731445,-55.78513717651367,0.7981988787651062,-124.1205825805664,-18.306203842163086,136.9518280029297,53.2867431640625,0.36812731623649597,-0.16741685569286346,1.3870660066604614,1.8343758583068848,59.48811721801758,37.326019287109375,1.0700441598892212,0.0
175,5.833333333333333,2703,1,6.251716739453416,-7.100811004638672,-52.52511215209961,4.611701488494873,-118.63554382324219,-8.3057222366333,124.75394439697266,78.29810333251953,-5.4083452224731445,-55.78513717651367,0.7981988787651062,-124.1205825805664,-18.306203842163086,136.9518280029297,53.2867431640625,0.36752575635910034,-0.16786877810955048,1.3859221935272217,1.9362313747406006,58.927303314208984,37.20172119140625,1.105249285697937,0.0
176,5.866666666666666,2702,1,5.972784408136033,-7.324165344238281,-52.2563591003418,4.647945880889893,-118.59005737304688,-7.947925090789795,125.34322357177734,80.07830810546875,-5.421939849853516,-55.639183044433594,0.7460536956787109,-123.4923095703125,-18.33747673034668,137.33392333984375,53.28632736206055,0.3669171929359436,-0.1681940257549286,1.384050965309143,1.7317323684692383,58.67076110839844,37.05742645263672,1.063780426979065,0.0
177,5.9,2701,1,5.925378881154486,-7.575519561767578,-51.99380874633789,4.5807785987854,-118.52472686767578,-7.723875522613525,126.46534729003906,80.7138442993164,-5.427399635314941,-55.567832946777344,0.721376895904541,-123.1832046508789,-18.353384017944336,137.51531982421875,53.286460876464844,0.3660251498222351,-0.16841785609722137,1.3812652826309204,1.5897769927978516,58.95490264892578,37.24458312988281,0.9116358160972595,0.0
178,5.933333333333334,2700,1,6.149172407392354,-7.83903169631958,-51.77325439453125,4.414733409881592,-118.41738891601562,-7.635662078857422,127.75048828125,81.41790008544922,-5.427399635314941,-55.567832946777344,0.721376895904541,-123.1832046508789,-18.353384017944336,137.51531982421875,53.286460876464844,0.36498692631721497,-0.16843639314174652,1.3782687187194824,1.594462275505066,58.65810012817383,37.18770217895508,0.9427910447120667,0.0
179,5.966666666666667,2699,1,6.187586763461943,-8.032602310180664,-51.622596740722656,4.3262038230896,-118.2679443359375,-7.490912437438965,129.03134155273438,82.435791015625,-5.4327216148376465,-55.48985290527344,0.694935142993927,-122.8685531616211,-18.368877410888672,137.69772338867188,53.286319732666016,0.36392492055892944,-0.1685715615749359,1.3754079341888428,1.61186945438385,58.51648712158203,37.225189208984375,1.0392541885375977,0.0
180,6.0,2698,1,6.279076913143494,-8.263439178466797,-51.62406921386719,4.254859924316406,-118.1869888305664,-7.578341007232666,130.34349060058594,83.18724822998047,-5.438821792602539,-55.403709411621094,0.6646327376365662,-122.55499267578125,-18.383102416992188,137.9045867919922,53.28622055053711,0.36335721611976624,-0.16877228021621704,1.372982144355774,1.8534200191497803,57.94797897338867,37.06534957885742,0.9333246350288391,0.0
181,6.033333333333333,2697,1,6.400570753227756,-8.554777145385742,-51.61594772338867,4.210485458374023,-118.1309585571289,-7.643879413604736,131.88282775878906,85.4344482421875,-5.4468159675598145,-55.30714797973633,0.6328111290931702,-122.2393798828125,-18.39628028869629,138.1236572265625,53.286399841308594,0.3630252182483673,-0.16908381879329681,1.3717159032821655,1.9329590797424316,59.10531234741211,37.20857238769531,1.2175524234771729,0.0
182,6.066666666666666,2696,1,6.561135697500307,-8.711369514465332,-51.61968231201172,4.149027347564697,-118.10852813720703,-7.99002742767334,133.35418701171875,87.11492156982422,-5.454834461212158,-55.19989013671875,0.6009241342544556,-121.91708374023438,-18.412635803222656,138.3041534423828,53.28651809692383,0.36308780312538147,-0.1692967414855957,1.3719539642333984,1.8161827325820923,58.359981536865234,37.18452453613281,1.1202536821365356,0.0
183,6.1,2695,1,6.750281862571565,-9.13654899597168,-51.68186950683594,4.066535472869873,-118.14253997802734,-8.35740852355957,134.64834594726562,89.00453186035156,-5.46135139465332,-55.09342575073242,0.5657920837402344,-121.5911865234375,-18.42961883544922,138.47352600097656,53.286441802978516,0.3632822036743164,-0.1696002334356308,1.3725647926330566,1.7461994886398315,58.96198654174805,37.12186050415039,1.1777832508087158,0.0
184,6.133333333333334,2694,1,6.825917632859471,-9.385581016540527,-51.77931594848633,3.9545257091522217,-118.17791748046875,-9.021088600158691,135.47267150878906,90.43981170654297,-5.4639787673950195,-54.982696533203125,0.5321277976036072,-121.26109313964844,-18.44810676574707,138.66128540039062,53.28611373901367,0.3637075424194336,-0.16989699006080627,1.3735212087631226,1.7581608295440674,59.02047348022461,37.14359664916992,0.9195429086685181,0.0
185,6.166666666666667,2693,1,6.925259704975764,-9.778071403503418,-51.8602180480957,3.8817269802093506,-118.14112091064453,-10.07751750946045,136.30844116210938,90.67443084716797,-5.467156887054443,-54.87083053588867,0.4989576041698456,-120.93058013916016,-18.468290328979492,138.87705993652344,53.286128997802734,0.36375701427459717,-0.17021919786930084,1.3738923072814941,1.670414924621582,58.26276397705078,37.253353118896484,1.0424834489822388,0.0
186,6.2,2692,1,7.011675037832736,-10.211129188537598,-51.91609191894531,3.772383213043213,-118.02394104003906,-11.250408172607422,136.77789306640625,92.21656799316406,-5.472414493560791,-54.751861572265625,0.4656562805175781,-120.58602905273438,-18.48917579650879,139.1064453125,53.28599166870117,0.36340805888175964,-0.17043182253837585,1.373440146446228,1.7576367855072021,59.745296478271484,37.14412307739258,1.1209213733673096,0.0
187,6.233333333333333,2691,1,7.0258765165378705,-10.663058280944824,-51.94964599609375,3.620712995529175,-117.8659439086914,-12.309196472167969,136.90365600585938,94.34710693359375,-5.479044437408447,-54.62849044799805,0.4326997697353363,-120.24065399169922,-18.514402389526367,139.34368896484375,53.286407470703125,0.36259910464286804,-0.17068402469158173,1.372235655784607,1.9881095886230469,59.29172897338867,37.235679626464844,1.1017407178878784,0.0
188,6.266666666666667,2690,1,6.979041632381901,-10.935097694396973,-51.98624038696289,3.4240708351135254,-117.74710083007812,-13.614216804504395,137.1074676513672,97.29647827148438,-5.485310077667236,-54.49510955810547,0.3999238610267639,-119.88068389892578,-18.53911781311035,139.5430450439453,53.28643798828125,0.3617919385433197,-0.17086432874202728,1.3708029985427856,2.0807409286499023,59.44464111328125,37.15290832519531,1.2767727375030518,0.0
189,6.3,2689,1,6.895540294934939,-11.154559135437012,-52.01136016845703,3.180584192276001,-117.55806732177734,-14.84439754486084,136.99700927734375,100.855712890625,-5.489704132080078,-54.358123779296875,0.36863964796066284,-119.51031494140625,-18.560501098632812,139.75669860839844,53.286197662353516,0.36085405945777893,-0.170973539352417,1.3691864013671875,2.068039655685425,60.32196807861328,37.22220230102539,1.3844324350357056,0.0
190,6.333333333333333,2688,1,6.939726261707582,-11.298911094665527,-52.02057647705078,2.9664435386657715,-117.3523178100586,-15.966048240661621,137.2505645751953,101.33390045166016,-5.493917942047119,-54.21662139892578,0.3399697542190552,-119.14048767089844,-18.582366943359375,139.97520446777344,53.28600311279297,0.35999614000320435,-0.17122219502925873,1.3679996728897095,1.5017696619033813,58.61697769165039,37.16901397705078,0.929053008556366,0.0
191,6.366666666666666,2687,1,7.079472906541619,-11.632197380065918,-52.05504608154297,2.7429237365722656,-117.157958984375,-16.750104904174805,137.77072143554688,100.14179992675781,-5.499998092651367,-54.075016021728516,0.309782475233078,-118.78166961669922,-18.605819702148438,140.19981384277344,53.28635025024414,0.35950514674186707,-0.17171695828437805,1.3678392171859741,1.6758921146392822,59.37266159057617,37.05649185180664,1.0631736516952515,0.0
192,6.4,2686,1,7.204419686028212,-11.615610122680664,-52.09588623046875,2.575331687927246,-116.99356842041016,-17.468538284301758,138.4511260986328,96.91558074951172,-5.506979942321777,-53.927162170410156,0.2792278230190277,-118.4130859375,-18.628904342651367,140.42105102539062,53.2860221862793,0.35905471444129944,-0.17233571410179138,1.3686802387237549,2.1373560428619385,60.22941207885742,37.35027313232422,1.3144506216049194,0.0
193,6.433333333333334,2685,1,7.306893092145428,-11.671785354614258,-52.18836975097656,2.4756813049316406,-116.86161041259766,-18.187652587890625,139.08482360839844,92.76873016357422,-5.5139970779418945,-53.77900695800781,0.25121068954467773,-118.05015563964844,-18.655317306518555,140.63424682617188,53.285919189453125,0.358564555644989,-0.1729402393102646,1.3696801662445068,2.2067790031433105,60.88559341430664,37.28952407836914,1.4636259078979492,0.0
194,6.466666666666667,2684,1,7.274911744787038,-11.642617225646973,-52.1672248840332,2.343876600265503,-116.5705337524414,-18.712013244628906,139.68968200683594,90.26335144042969,-5.517609596252441,-53.621925354003906,0.22624626755714417,-117.67877197265625,-18.686790466308594,140.85333251953125,53.285919189453125,0.35815516114234924,-0.1734689176082611,1.3708302974700928,2.0207033157348633,59.17710876464844,37.16859436035156,1.158437967300415,0.0
195,6.5,2683,1,7.294182308146391,-11.572402954101562,-52.04945755004883,2.186321258544922,-116.08544921875,-18.947786331176758,140.12619018554688,89.28363800048828,-5.518827438354492,-53.459022521972656,0.20125006139278412,-117.30387878417969,-18.721620559692383,141.06581115722656,53.28607940673828,0.35773590207099915,-0.17401541769504547,1.3721143007278442,1.5378644466400146,57.79215621948242,37.19147491455078,0.86106276512146,0.0
196,6.533333333333333,2682,1,7.313706932595387,-11.43607234954834,-51.86555862426758,1.9784677028656006,-115.47087097167969,-19.237104415893555,140.38455200195312,89.41422271728516,-5.519257068634033,-53.30424499511719,0.17543485760688782,-116.94186401367188,-18.753263473510742,141.3107147216797,53.286094665527344,0.357332319021225,-0.17440243065357208,1.373320460319519,1.424925684928894,57.99156951904297,37.055259704589844,0.918632984161377,0.0
197,6.566666666666666,2681,1,7.481774534354964,-11.249651908874512,-51.65119552612305,1.7241319417953491,-114.6822280883789,-19.459186553955078,140.19593811035156,91.00020599365234,-5.5199432373046875,-53.14767837524414,0.14657461643218994,-116.57898712158203,-18.779348373413086,141.5533447265625,53.28595733642578,0.3568601906299591,-0.1747540682554245,1.3742563724517822,1.7903388738632202,58.93526077270508,37.204071044921875,1.0184738636016846,0.0
198,6.6,2680,1,7.918756676499392,-11.091676712036133,-51.49108123779297,1.347488284111023,-113.90925598144531,-19.48112678527832,140.63607788085938,93.94711303710938,-5.520438194274902,-52.9781608581543,0.12022378295660019,-116.20001983642578,-18.803770065307617,141.75946044921875,53.2857780456543,0.3565273880958557,-0.17519745230674744,1.375061273574829,2.182345390319824,60.035736083984375,37.25249099731445,1.155294418334961,0.0
199,6.633333333333334,2679,1,8.431416744597943,-10.933930397033691,-51.319602966308594,0.8653711676597595,-113.27025604248047,-19.46764373779297,141.36036682128906,98.0842056274414,-5.520635604858398,-52.80769348144531,0.09618651866912842,-115.83038330078125,-18.831552505493164,141.9634246826172,53.28575134277344,0.3561776876449585,-0.17559710144996643,1.3757030963897705,2.1634860038757324,60.41884231567383,37.23476791381836,1.3791959285736084,0.0
200,6.666666666666667,2678,1,8.928917786339913,-10.685444831848145,-51.231117248535156,0.42020443081855774,-112.80845642089844,-19.398080825805664,142.21682739257812,102.23344421386719,-5.520517349243164,-52.64250183105469,0.07136090844869614,-115.46910858154297,-18.867481231689453,142.1641845703125,53.28587341308594,0.3555954396724701,-0.17593562602996826,1.3758989572525024,2.314718723297119,60.03877258300781,37.31351089477539,1.4184983968734741,0.0
201,6.7,2677,1,9.342956176133262,-10.539124488830566,-51.178611755371094,0.021809540688991547,-112.40756225585938,-19.357648849487305,143.07247924804688,107.34410858154297,-5.520830154418945,-52.481632232666016,0.0450771190226078,-115.1054458618164,-18.908021926879883,142.38827514648438,53.285770416259766,0.3551064729690552,-0.17635536193847656,1.375855565071106,2.532106399536133,60.957061767578125,37.10894012451172,1.5656352043151855,0.0
202,6.733333333333333,2676,1,9.599970285351011,-10.268570899963379,-50.980010986328125,-0.26636189222335815,-111.9266586303711,-19.311809539794922,144.01223754882812,112.49177551269531,-5.520883560180664,-52.313114166259766,0.01848491095006466,-114.74016571044922,-18.942359924316406,142.6245880126953,53.286014556884766,0.3545735478401184,-0.17683345079421997,1.3757463693618774,2.417478322982788,61.16596603393555,37.22787857055664,1.6597836017608643,0.0
203,6.766666666666667,2675,1,9.80664865768091,-9.916167259216309,-50.73151397705078,-0.4313695430755615,-111.43291473388672,-19.27088165283203,144.83802795410156,114.0464096069336,-5.521066665649414,-52.14043045043945,-0.006929210852831602,-114.36797332763672,-18.97301483154297,142.81936645507812,53.28596878051758,0.353943794965744,-0.1774296760559082,1.3756743669509888,1.7289305925369263,59.77452850341797,37.14247131347656,1.0591070652008057,0.0
204,6.8,2674,1,9.759183087259457,-9.780167579650879,-50.51695251464844,-0.4765946865081787,-111.00322723388672,-19.216022491455078,145.57388305664062,108.79315948486328,-5.521390914916992,-51.969722747802734,-0.03037012740969658,-113.99177551269531,-19.0046443939209,143.00582885742188,53.285892486572266,0.3530481457710266,-0.177981436252594,1.3756322860717773,2.3573646545410156,61.1983757019043,37.20436096191406,1.5684713125228882,0.0
205,6.833333333333333,2673,1,9.553148795243775,-9.441158294677734,-50.26219940185547,-0.395441472530365,-110.59092712402344,-19.21514892578125,145.3163604736328,100.15242767333984,-5.521249294281006,-51.8044548034668,-0.05437123030424118,-113.62167358398438,-19.03683090209961,143.2026824951172,53.285892486572266,0.35209059715270996,-0.17863088846206665,1.3756190538406372,3.057988166809082,63.310035705566406,37.34838104248047,2.150563955307007,0.0
206,6.866666666666666,2672,1,9.249761979691305,-9.00762939453125,-50.04759216308594,-0.34004008769989014,-110.32965850830078,-19.333065032958984,144.77066040039062,91.90636444091797,-5.5212321281433105,-51.64387512207031,-0.08080701529979706,-113.25642395019531,-19.065080642700195,143.40721130371094,53.285667419433594,0.35117417573928833,-0.179298996925354,1.3755481243133545,3.2353923320770264,63.039703369140625,37.24214172363281,2.2241528034210205,0.0
207,6.9,2671,1,8.834927514674499,-8.570964813232422,-49.836090087890625,-0.2605774700641632,-110.17809295654297,-19.638132095336914,143.3871307373047,82.44712829589844,-5.52163028717041,-51.4710578918457,-0.10792874544858932,-112.89076232910156,-19.095176696777344,143.61737060546875,53.2856559753418,0.35014426708221436,-0.17985829710960388,1.3755909204483032,3.391824245452881,63.06862258911133,37.24801254272461,2.3302125930786133,0.0
208,6.933333333333334,2670,1,8.59614754829663,-8.171630859375,-49.68085479736328,-0.1724628061056137,-110.04188537597656,-20.057153701782227,142.6034698486328,73.86544036865234,-5.521637439727783,-51.30671691894531,-0.13526582717895508,-112.53961181640625,-19.122526168823242,143.83056640625,53.285789489746094,0.3492125868797302,-0.18041007220745087,1.3755502700805664,3.2170495986938477,62.96342849731445,37.10423278808594,2.1315202713012695,0.0
209,6.966666666666667,2669,1,8.548168323177146,-7.889168739318848,-49.527610778808594,-0.1566208153963089,-109.91053009033203,-20.52496337890625,142.44216918945312,68.8635482788086,-5.521615505218506,-51.14610290527344,-0.16302312910556793,-112.196044921875,-19.150272369384766,143.99754333496094,53.28550338745117,0.3487274944782257,-0.18119865655899048,1.3755042552947998,2.3601319789886475,60.89145278930664,37.25602340698242,1.4884185791015625,0.0
210,7.0,2668,1,8.741009448046439,-7.474791049957275,-49.39340591430664,-0.19789479672908783,-109.74065399169922,-20.944684982299805,143.31243896484375,69.2913589477539,-5.521458625793457,-50.98741149902344,-0.19149234890937805,-111.84871673583984,-19.17582893371582,144.16297912597656,53.28569793701172,0.3482029438018799,-0.1820070445537567,1.375075340270996,1.7408065795898438,57.57332229614258,37.1354866027832,0.8025268316268921,0.0
211,7.033333333333333,2667,1,8.90050812026742,-7.074846267700195,-49.331939697265625,-0.289077490568161,-109.63749694824219,-21.142255783081055,144.1693878173828,68.34234619140625,-5.522086143493652,-50.8196907043457,-0.21768955886363983,-111.49256896972656,-19.204103469848633,144.3301239013672,53.28569030761719,0.3475646376609802,-0.18275433778762817,1.3743923902511597,1.6617591381072998,58.2807502746582,37.203792572021484,0.9509566426277161,0.0
212,7.066666666666666,2666,1,8.92833974386535,-6.917092800140381,-49.324764251708984,-0.5070577263832092,-109.41697692871094,-21.26712417602539,145.01121520996094,61.929527282714844,-5.521928787231445,-50.64684295654297,-0.24380679428577423,-111.13194274902344,-19.230018615722656,144.51255798339844,53.285186767578125,0.34674689173698425,-0.18325437605381012,1.373684287071228,2.5206212997436523,61.678707122802734,37.19503402709961,1.7638194561004639,0.0
213,7.1,2665,1,8.808135901203801,-6.406655788421631,-49.27020263671875,-0.6766694784164429,-109.13488006591797,-20.943586349487305,144.74789428710938,52.10259246826172,-5.521780967712402,-50.46485137939453,-0.2690001428127289,-110.76165771484375,-19.258647918701172,144.70851135253906,53.28542709350586,0.34581464529037476,-0.1837920844554901,1.3729792833328247,3.5468802452087402,64.18316650390625,37.29997253417969,2.339648723602295,0.0
214,7.133333333333334,2664,1,8.685044079347767,-5.6443657875061035,-49.16306686401367,-0.8121790289878845,-108.7782974243164,-20.295652389526367,143.85958862304688,44.238731384277344,-5.521799087524414,-50.28800964355469,-0.29462626576423645,-110.38726806640625,-19.29218292236328,144.9159393310547,53.285579681396484,0.34499844908714294,-0.18434329330921173,1.3723630905151367,3.0027921199798584,62.15104293823242,37.31947326660156,2.048342704772949,0.0
215,7.166666666666667,2663,1,8.6810929991772,-5.276423454284668,-49.0307731628418,-0.875987708568573,-108.39116668701172,-19.500343322753906,142.99691772460938,37.49489974975586,-5.521780014038086,-50.10169219970703,-0.32050350308418274,-109.99449157714844,-19.320526123046875,145.0977783203125,53.2855339050293,0.343961238861084,-0.18480417132377625,1.3716380596160889,2.7557621002197266,61.46217346191406,37.11619567871094,1.8834378719329834,0.0
216,7.2,2662,1,8.880027465346675,-4.842873573303223,-48.890865325927734,-0.8910182118415833,-108.0394515991211,-18.58441734313965,143.2888641357422,33.47654342651367,-5.521941184997559,-49.91170883178711,-0.34751975536346436,-109.5982894897461,-19.350357055664062,145.29306030273438,53.28548049926758,0.34278079867362976,-0.18515007197856903,1.3710514307022095,2.074991226196289,60.28591537475586,37.085670471191406,1.4555153846740723,0.0
217,7.233333333333333,2661,1,9.185136205245895,-4.769076824188232,-48.749454498291016,-0.8959228992462158,-107.76039123535156,-17.7592830657959,144.24192810058594,32.22520446777344,-5.521997451782227,-49.71770477294922,-0.37313219904899597,-109.19660186767578,-19.378355026245117,145.49237060546875,53.285343170166016,0.3417070806026459,-0.18560513854026794,1.3703151941299438,1.865756630897522,59.68979263305664,37.34965515136719,1.0141106843948364,0.0
218,7.266666666666667,2660,1,9.62092102255153,-4.948697090148926,-48.62566375732422,-0.8713974356651306,-107.56791687011719,-17.090112686157227,146.0489501953125,38.12972640991211,-5.521822452545166,-49.532047271728516,-0.3986680209636688,-108.8002700805664,-19.404605865478516,145.7227020263672,53.28533935546875,0.34067603945732117,-0.18597406148910522,1.3691954612731934,2.641693592071533,61.304771423339844,37.30173873901367,1.7286080121994019,0.0
219,7.3,2659,1,9.940572844286297,-5.191514015197754,-48.56669235229492,-0.8379901051521301,-107.46821594238281,-16.65056610107422,147.34848022460938,43.312374114990234,-5.521982192993164,-49.3355712890625,-0.4242647886276245,-108.39574432373047,-19.43324851989746,145.95849609375,53.28537368774414,0.3397027552127838,-0.1862347424030304,1.3682106733322144,2.3905203342437744,60.78403091430664,37.20679473876953,1.713079810142517,0.0
220,7.333333333333333,2658,1,10.087400446669237,-5.287983417510986,-48.530372619628906,-0.854377031326294,-107.2713851928711,-16.633207321166992,148.23072814941406,44.94572830200195,-5.522125720977783,-49.136444091796875,-0.4492866098880768,-107.99161529541016,-19.46891212463379,146.17617797851562,53.28517532348633,0.3388828933238983,-0.1864209771156311,1.3675636053085327,1.9176052808761597,58.42030334472656,37.146507263183594,1.0499545335769653,0.0
221,7.366666666666666,2657,1,10.141614871823675,-5.300267696380615,-48.51753234863281,-0.8139572143554688,-107.07191467285156,-16.530986785888672,148.46018981933594,43.87824249267578,-5.521822452545166,-48.93547058105469,-0.4738212525844574,-107.58184814453125,-19.50216293334961,146.37001037597656,53.28525161743164,0.33813178539276123,-0.1867055892944336,1.3666540384292603,1.5919212102890015,58.834434509277344,37.241729736328125,0.8230074644088745,0.0
222,7.4,2656,1,10.21348525798191,-5.250677108764648,-48.471527099609375,-0.7464920282363892,-106.85367584228516,-16.320178985595703,148.36268615722656,44.00924301147461,-5.522000789642334,-48.735538482666016,-0.49625009298324585,-107.16677856445312,-19.53715705871582,146.56871032714844,53.28557205200195,0.33747801184654236,-0.18698473274707794,1.3656895160675049,1.3097186088562012,57.874114990234375,37.30458068847656,0.7898216247558594,0.0
223,7.433333333333334,2655,1,10.352812836443457,-5.528457164764404,-48.445960998535156,-0.6565924286842346,-106.66680908203125,-16.410263061523438,148.46250915527344,43.36572265625,-5.522005558013916,-48.53804016113281,-0.5182491540908813,-106.7646484375,-19.571725845336914,146.7777862548828,53.285091400146484,0.33655738830566406,-0.187160462141037,1.3646315336227417,1.4416688680648804,58.694637298583984,37.3781852722168,0.8498775959014893,0.0
224,7.466666666666667,2654,1,10.539025053663005,-5.515660762786865,-48.427330017089844,-0.5611135363578796,-106.45723724365234,-16.683271408081055,148.42344665527344,43.71085739135742,-5.522124290466309,-48.33525085449219,-0.5390790104866028,-106.3593978881836,-19.605819702148438,147.00746154785156,53.28490447998047,0.33560168743133545,-0.18733327090740204,1.3637222051620483,1.4255709648132324,57.257530212402344,37.187522888183594,0.8643941283226013,0.0
225,7.5,2653,1,10.756199159571423,-5.798676490783691,-48.40398025512695,-0.49046197533607483,-106.27543640136719,-17.175094604492188,148.37965393066406,44.428592681884766,-5.522005081176758,-48.144073486328125,-0.5607626438140869,-105.97162628173828,-19.646677017211914,147.22979736328125,53.28502655029297,0.3346925973892212,-0.18760566413402557,1.3628597259521484,1.4536923170089722,58.28059768676758,37.32480239868164,0.7820056080818176,0.0
226,7.533333333333333,2652,1,11.035825105576166,-6.122506141662598,-48.35951232910156,-0.46036359667778015,-106.1158447265625,-17.761913299560547,148.5631866455078,48.20659637451172,-5.522307872772217,-47.959808349609375,-0.5820715427398682,-105.58773040771484,-19.686986923217773,147.393310546875,53.28528594970703,0.3339248299598694,-0.18786373734474182,1.362268090248108,2.1837964057922363,61.14036178588867,37.14910125732422,1.3263274431228638,0.0
227,7.566666666666666,2651,1,11.30998211391426,-6.0563249588012695,-48.2652702331543,-0.46488410234451294,-105.84696197509766,-18.193214416503906,148.62327575683594,51.33619689941406,-5.522165298461914,-47.77345657348633,-0.6017433404922485,-105.20812225341797,-19.719865798950195,147.5669403076172,53.284969329833984,0.33336764574050903,-0.18817642331123352,1.3622164726257324,1.908734679222107,59.97273635864258,37.293880462646484,1.2738207578659058,0.0
228,7.6,2650,1,11.573295383272875,-5.714945316314697,-48.111305236816406,-0.47617653012275696,-105.54166412353516,-18.7766056060791,148.61488342285156,54.46803665161133,-5.521862506866455,-47.585243225097656,-0.6206294894218445,-104.83222961425781,-19.750471115112305,147.7392578125,53.28520202636719,0.3329342007637024,-0.18852943181991577,1.3625949621200562,2.0979394912719727,59.81581115722656,37.40825653076172,1.2146135568618774,0.0
229,7.633333333333334,2649,1,11.839091175710024,-5.677365779876709,-47.87683868408203,-0.502997100353241,-105.21979522705078,-19.26102638244629,148.59310913085938,57.19760513305664,-5.521822452545166,-47.40702438354492,-0.638172447681427,-104.47454833984375,-19.778057098388672,147.92724609375,53.285282135009766,0.3325798809528351,-0.18903009593486786,1.3628402948379517,1.8278248310089111,59.45463943481445,37.1654052734375,1.1867903470993042,0.0
230,7.666666666666667,2648,1,12.108838070296319,-5.598644256591797,-47.621925354003906,-0.511668860912323,-104.8595962524414,-19.633121490478516,148.4354705810547,58.94886016845703,-5.522125720977783,-47.23270797729492,-0.6544163823127747,-104.12031555175781,-19.81294059753418,148.11361694335938,53.28479766845703,0.3321785032749176,-0.18957485258579254,1.3631196022033691,1.866769790649414,58.125022888183594,37.23929214477539,1.0047721862792969,0.0
231,7.7,2647,1,12.43229182638614,-5.395681858062744,-47.45269012451172,-0.5110996961593628,-104.48583984375,-20.301441192626953,148.27435302734375,58.98102951049805,-5.521678924560547,-47.05613708496094,-0.6723899841308594,-103.7750473022461,-19.850967407226562,148.31375122070312,53.28498077392578,0.3318159878253937,-0.1900365650653839,1.363513469696045,1.3572838306427002,57.85799789428711,37.13751220703125,0.8002933859825134,0.0
232,7.733333333333333,2646,1,12.729147113957017,-5.455261707305908,-47.201904296875,-0.47836989164352417,-104.1175308227539,-21.063066482543945,147.8147430419922,61.59620666503906,-5.521977424621582,-46.8823356628418,-0.6896116733551025,-103.43793487548828,-19.8843936920166,148.47695922851562,53.2850227355957,0.3314249515533447,-0.19059494137763977,1.3638458251953125,1.7987685203552246,59.297908782958984,37.3497428894043,1.1238242387771606,0.0
233,7.766666666666667,2645,1,13.005408023922191,-5.531954288482666,-47.02066421508789,-0.4466852843761444,-103.79755401611328,-21.816394805908203,147.25343322753906,63.96010208129883,-5.521756172180176,-46.71039581298828,-0.706191897392273,-103.1072998046875,-19.917448043823242,148.6209716796875,53.28466796875,0.33106908202171326,-0.1910526007413864,1.364162564277649,2.023721694946289,59.452125549316406,37.30544662475586,1.1815252304077148,0.0
234,7.8,2644,1,13.222821343925412,-5.605545997619629,-46.883941650390625,-0.4570857286453247,-103.4244384765625,-22.585105895996094,146.6309814453125,65.92536163330078,-5.521597385406494,-46.550357818603516,-0.7238407731056213,-102.78564453125,-19.949281692504883,148.76724243164062,53.285118103027344,0.3304595649242401,-0.19135744869709015,1.3642023801803589,1.9447853565216064,59.05842971801758,37.235321044921875,1.084926962852478,0.0
235,7.833333333333333,2643,1,13.464924827791034,-5.40629243850708,-46.78462219238281,-0.4939616024494171,-103.11811828613281,-22.726680755615234,146.30751037597656,67.0917739868164,-5.5211501121521,-46.39018630981445,-0.741614580154419,-102.47274780273438,-19.98560905456543,148.91168212890625,53.28502655029297,0.3298620283603668,-0.19154474139213562,1.3641269207000732,1.5006011724472046,58.67399978637695,37.36771011352539,0.8521713614463806,0.0
236,7.866666666666666,2642,1,13.731632291392392,-5.0840373039245605,-46.71704864501953,-0.5541231036186218,-102.83381652832031,-22.56621551513672,146.0594024658203,67.85337829589844,-5.5209455490112305,-46.20649337768555,-0.7612823247909546,-102.12141418457031,-20.03589630126953,149.09039306640625,53.28466796875,0.32920241355895996,-0.19161370396614075,1.3639129400253296,1.507757544517517,58.439048767089844,37.265140533447266,0.8730509877204895,0.0
237,7.9,2641,1,13.934742682641906,-4.638767242431641,-46.68122482299805,-0.6375705003738403,-102.57151794433594,-22.103700637817383,145.88668823242188,68.21017456054688,-5.52072286605835,-46.06254577636719,-0.7762988209724426,-101.84454345703125,-20.070289611816406,149.23377990722656,53.284629821777344,0.32848072052001953,-0.1915643811225891,1.3635607957839966,1.4821776151657104,58.03038787841797,37.16831588745117,0.8194000124931335,0.0
238,7.933333333333334,2640,2,14.135622465354137,-4.070488452911377,-46.677154541015625,-0.744303822517395,-102.33123779296875,-21.339141845703125,145.78936767578125,68.16215515136719,-5.520475387573242,-45.91530227661133,-0.7925998568534851,-101.55852508544922,-20.102819442749023,149.38661193847656,53.284751892089844,0.3276969790458679,-0.1913967877626419,1.3630706071853638,1.5482217073440552,57.50945281982422,37.30660629272461,0.8950724005699158,0.0
239,7.966666666666667,2641,2,13.934742682641906,-4.638767242431641,-46.68122482299805,-0.6375705003738403,-102.57151794433594,-22.103700637817383,145.88668823242188,68.21017456054688,-5.52072286605835,-46.06254577636719,-0.7762988209724426,-101.84454345703125,-20.070289611816406,149.23377990722656,53.284629821777344,0.32848072052001953,-0.1915643811225891,1.3635607957839966,1.4888944625854492,58.478004455566406,37.24864196777344,0.8539141416549683,0.0
240,8.0,2642,2,13.731632291392392,-5.0840373039245605,-46.71704864501953,-0.5541231036186218,-102.83381652832031,-22.56621551513672,146.0594024658203,67.85337829589844,-5.5209455490112305,-46.20649337768555,-0.7612823247909546,-102.12141418457031,-20.03589630126953,149.09039306640625,53.28466796875,0.32920241355895996,-0.19161370396614075,1.3639129400253296,1.549407958984375,58.23757553100586,37.25621032714844,0.8104516863822937,0.0
241,8.033333333333333,2643,2,13.464924827791034,-5.40629243850708,-46.78462219238281,-0.4939616024494171,-103.11811828613281,-22.726680755615234,146.30751037597656,67.0917739868164,-5.5211501121521,-46.39018630981445,-0.741614580154419,-102.47274780273438,-19.98560905456543,148.91168212890625,53.28502655029297,0.3298620283603668,-0.19154474139213562,1.3641269207000732,1.5206079483032227,58.26343536376953,37.2784309387207,0.9026015400886536,0.0
242,8.066666666666666,2644,2,13.222821343925412,-5.605545997619629,-46.883941650390625,-0.4570857286453247,-103.4244384765625,-22.585105895996094,146.6309814453125,65.92536163330078,-5.521597385406494,-46.550357818603516,-0.7238407731056213,-102.78564453125,-19.949281692504883,148.76724243164062,53.285118103027344,0.3304595649242401,-0.19135744869709015,1.3642023801803589,1.6022580862045288,58.79084396362305,37.32411575317383,0.8909407258033752,0.0
243,8.1,2645,2,13.005408023922191,-5.531954288482666,-47.02066421508789,-0.4466852843761444,-103.79755401611328,-21.816394805908203,147.25343322753906,63.96010208129883,-5.521756172180176,-46.71039581298828,-0.706191897392273,-103.1072998046875,-19.917448043823242,148.6209716796875,53.28466796875,0.33106908202171326,-0.1910526007413864,1.364162564277649,1.7299996614456177,59.09062957763672,37.26998519897461,1.0621241331100464,0.0
244,8.133333333333333,2646,2,12.729147113957017,-5.455261707305908,-47.201904296875,-0.47836989164352417,-104.1175308227539,-21.063066482543945,147.8147430419922,61.59620666503906,-5.521977424621582,-46.8823356628418,-0.6896116733551025,-103.43793487548828,-19.8843936920166,148.47695922851562,53.2850227355957,0.3314249515533447,-0.19059494137763977,1.3638458251953125,1.8120529651641846,58.77548599243164,37.339012145996094,1.1635448932647705,0.0
245,8.166666666666666,2647,2,12.43229182638614,-5.395681858062744,-47.45269012451172,-0.5110996961593628,-104.48583984375,-20.301441192626953,148.27435302734375,58.98102951049805,-5.521678924560547,-47.05613708496094,-0.6723899841308594,-103.7750473022461,-19.850967407226562,148.31375122070312,53.28498077392578,0.3318159878253937,-0.1900365650653839,1.363513469696045,1.6594829559326172,58.94097900390625,37.293270111083984,1.1260002851486206,0.0
246,8.2,2648,2,12.108838070296319,-5.598644256591797,-47.621925354003906,-0.511668860912323,-104.8595962524414,-19.633121490478516,148.4354705810547,58.94886016845703,-5.522125720977783,-47.23270797729492,-0.6544163823127747,-104.12031555175781,-19.81294059753418,148.11361694335938,53.28479766845703,0.3321785032749176,-0.18957485258579254,1.3631196022033691,1.578673005104065,58.11441421508789,37.325225830078125,0.9355549216270447,0.0
247,8.233333333333333,2649,2,11.839091175710024,-5.677365779876709,-47.87683868408203,-0.502997100353241,-105.21979522705078,-19.26102638244629,148.59310913085938,57.19760513305664,-5.521822452545166,-47.40702438354492,-0.638172447681427,-104.47454833984375,-19.778057098388672,147.92724609375,53.285282135009766,0.3325798809528351,-0.18903009593486786,1.3628402948379517,1.8366748094558716,59.274967193603516,37.26077651977539,0.9880664944648743,0.0
248,8.266666666666667,2650,2,11.573295383272875,-5.714945316314697,-48.111305236816406,-0.47617653012275696,-105.54166412353516,-18.7766056060791,148.61488342285156,54.46803665161133,-5.521862506866455,-47.585243225097656,-0.6206294894218445,-104.83222961425781,-19.750471115112305,147.7392578125,53.28520202636719,0.3329342007637024,-0.18852943181991577,1.3625949621200562,1.9801973104476929,59.845970153808594,37.33864974975586,1.1496772766113281,0.0
249,8.3,2651,2,11.30998211391426,-6.0563249588012695,-48.2652702331543,-0.46488410234451294,-105.84696197509766,-18.193214416503906,148.62327575683594,51.33619689941406,-5.522165298461914,-47.77345657348633,-0.6017433404922485,-105.20812225341797,-19.719865798950195,147.5669403076172,53.284969329833984,0.33336764574050903,-0.18817642331123352,1.3622164726257324,1.977847933769226,59.33591079711914,37.136043548583984,1.3392748832702637,0.0
250,8.333333333333334,2652,2,11.035825105576166,-6.122506141662598,-48.35951232910156,-0.46036359667778015,-106.1158447265625,-17.761913299560547,148.5631866455078,48.20659637451172,-5.522307872772217,-47.959808349609375,-0.5820715427398682,-105.58773040771484,-19.686986923217773,147.393310546875,53.28528594970703,0.3339248299598694,-0.18786373734474182,1.362268090248108,2.1109139919281006,59.73955154418945,37.17671585083008,1.1550759077072144,0.0
251,8.366666666666667,2653,2,10.756199159571423,-5.798676490783691,-48.40398025512695,-0.49046197533607483,-106.27543640136719,-17.175094604492188,148.37965393066406,44.428592681884766,-5.522005081176758,-48.144073486328125,-0.5607626438140869,-105.97162628173828,-19.646677017211914,147.22979736328125,53.28502655029297,0.3346925973892212,-0.18760566413402557,1.3628597259521484,2.1991946697235107,59.576507568359375,37.26804733276367,1.4130233526229858,0.0
252,8.4,2654,2,10.539025053663005,-5.515660762786865,-48.427330017089844,-0.5611135363578796,-106.45723724365234,-16.683271408081055,148.42344665527344,43.71085739135742,-5.522124290466309,-48.33525085449219,-0.5390790104866028,-106.3593978881836,-19.605819702148438,147.00746154785156,53.28490447998047,0.33560168743133545,-0.18733327090740204,1.3637222051620483,1.4138399362564087,58.20100784301758,37.26017761230469,0.9416930675506592,0.0
253,8.433333333333334,2655,2,10.352812836443457,-5.528457164764404,-48.445960998535156,-0.6565924286842346,-106.66680908203125,-16.410263061523438,148.46250915527344,43.36572265625,-5.522005558013916,-48.53804016113281,-0.5182491540908813,-106.7646484375,-19.571725845336914,146.7777862548828,53.285091400146484,0.33655738830566406,-0.187160462141037,1.3646315336227417,1.4563485383987427,57.88447570800781,37.277950286865234,0.8095102310180664,0.0
254,8.466666666666667,2656,2,10.21348525798191,-5.250677108764648,-48.471527099609375,-0.7464920282363892,-106.85367584228516,-16.320178985595703,148.36268615722656,44.00924301147461,-5.522000789642334,-48.735538482666016,-0.49625009298324585,-107.16677856445312,-19.53715705871582,146.56871032714844,53.28557205200195,0.33747801184654236,-0.18698473274707794,1.3656895160675049,1.4937838315963745,57.958839416503906,37.167999267578125,0.8486899733543396,0.0
255,8.5,2657,2,10.141614871823675,-5.300267696380615,-48.51753234863281,-0.8139572143554688,-107.07191467285156,-16.530986785888672,148.46018981933594,43.87824249267578,-5.521822452545166,-48.93547058105469,-0.4738212525844574,-107.58184814453125,-19.50216293334961,146.37001037597656,53.28525161743164,0.33813178539276123,-0.1867055892944336,1.3666540384292603,1.2090764045715332,58.17974090576172,37.2308464050293,0.6528892517089844,0.0
256,8.533333333333333,2658,2,10.087400446669237,-5.287983417510986,-48.530372619628906,-0.854377031326294,-107.2713851928711,-16.633207321166992,148.23072814941406,44.94572830200195,-5.522125720977783,-49.136444091796875,-0.4492866098880768,-107.99161529541016,-19.46891212463379,146.17617797851562,53.28517532348633,0.3388828933238983,-0.1864209771156311,1.3675636053085327,1.5383180379867554,59.5509033203125,37.2943115234375,0.9456411600112915,0.0
257,8.566666666666666,2659,2,9.940572844286297,-5.191514015197754,-48.56669235229492,-0.8379901051521301,-107.46821594238281,-16.65056610107422,147.34848022460938,43.312374114990234,-5.521982192993164,-49.3355712890625,-0.4242647886276245,-108.39574432373047,-19.43324851989746,145.95849609375,53.28537368774414,0.3397027552127838,-0.1862347424030304,1.3682106733322144,1.6879159212112427,59.24110794067383,37.16603469848633,1.0405020713806152,0.0
258,8.6,2660,2,9.62092102255153,-4.948697090148926,-48.62566375732422,-0.8713974356651306,-107.56791687011719,-17.090112686157227,146.0489501953125,38.12972640991211,-5.521822452545166,-49.532047271728516,-0.3986680209636688,-108.8002700805664,-19.404605865478516,145.7227020263672,53.28533935546875,0.34067603945732117,-0.18597406148910522,1.3691954612731934,2.5414860248565674,60.07617950439453,37.252052307128906,1.6595908403396606,0.0
259,8.633333333333333,2661,2,9.185136205245895,-4.769076824188232,-48.749454498291016,-0.8959228992462158,-107.76039123535156,-17.7592830657959,144.24192810058594,32.22520446777344,-5.521997451782227,-49.71770477294922,-0.37313219904899597,-109.19660186767578,-19.378355026245117,145.49237060546875,53.285343170166016,0.3417070806026459,-0.18560513854026794,1.3703151941299438,2.5545220375061035,62.145477294921875,37.31403350830078,1.7652525901794434,0.0
260,8.666666666666666,2662,2,8.880027465346675,-4.842873573303223,-48.890865325927734,-0.8910182118415833,-108.0394515991211,-18.58441734313965,143.2888641357422,33.47654342651367,-5.521941184997559,-49.91170883178711,-0.34751975536346436,-109.5982894897461,-19.350357055664062,145.29306030273438,53.28548049926758,0.34278079867362976,-0.18515007197856903,1.3710514307022095,1.6453542709350586,58.51670455932617,37.28322982788086,1.095637559890747,0.0
261,8.7,2663,2,8.6810929991772,-5.276423454284668,-49.0307731628418,-0.875987708568573,-108.39116668701172,-19.500343322753906,142.99691772460938,37.49489974975586,-5.521780014038086,-50.10169219970703,-0.32050350308418274,-109.99449157714844,-19.320526123046875,145.0977783203125,53.2855339050293,0.343961238861084,-0.18480417132377625,1.3716380596160889,2.2243762016296387,60.41355895996094,37.24590301513672,1.431393027305603,0.0
262,8.733333333333333,2664,2,8.685044079347767,-5.6443657875061035,-49.16306686401367,-0.8121790289878845,-108.7782974243164,-20.295652389526367,143.85958862304688,44.238731384277344,-5.521799087524414,-50.28800964355469,-0.29462626576423645,-110.38726806640625,-19.29218292236328,144.9159393310547,53.285579681396484,0.34499844908714294,-0.18434329330921173,1.3723630905151367,2.7762231826782227,61.73663330078125,37.249725341796875,1.7682462930679321,0.0
263,8.766666666666667,2665,2,8.808135901203801,-6.406655788421631,-49.27020263671875,-0.6766694784164429,-109.13488006591797,-20.943586349487305,144.74789428710938,52.10259246826172,-5.521780967712402,-50.46485137939453,-0.2690001428127289,-110.76165771484375,-19.258647918701172,144.70851135253906,53.28542709350586,0.34581464529037476,-0.1837920844554901,1.3729792833328247,3.0262153148651123,62.62983322143555,37.261844635009766,2.1347603797912598,0.0
264,8.8,2666,2,8.92833974386535,-6.917092800140381,-49.324764251708984,-0.5070577263832092,-109.41697692871094,-21.26712417602539,145.01121520996094,61.929527282714844,-5.521928787231445,-50.64684295654297,-0.24380679428577423,-111.13194274902344,-19.230018615722656,144.51255798339844,53.285186767578125,0.34674689173698425,-0.18325437605381012,1.373684287071228,3.532228708267212,63.9763069152832,37.16535568237305,2.398876190185547,0.0
265,8.833333333333334,2667,2,8.90050812026742,-7.074846267700195,-49.331939697265625,-0.289077490568161,-109.63749694824219,-21.142255783081055,144.1693878173828,68.34234619140625,-5.522086143493652,-50.8196907043457,-0.21768955886363983,-111.49256896972656,-19.204103469848633,144.3301239013672,53.28569030761719,0.3475646376609802,-0.18275433778762817,1.3743923902511597,2.656984567642212,61.9035530090332,37.26176452636719,1.7754695415496826,0.0
266,8.866666666666667,2668,2,8.741009448046439,-7.474791049957275,-49.39340591430664,-0.19789479672908783,-109.74065399169922,-20.944684982299805,143.31243896484375,69.2913589477539,-5.521458625793457,-50.98741149902344,-0.19149234890937805,-111.84871673583984,-19.17582893371582,144.16297912597656,53.28569793701172,0.3482029438018799,-0.1820070445537567,1.375075340270996,1.4668282270431519,58.53301239013672,37.14860153198242,0.9481605291366577,0.0
267,8.9,2669,2,8.548168323177146,-7.889168739318848,-49.527610778808594,-0.1566208153963089,-109.91053009033203,-20.52496337890625,142.44216918945312,68.8635482788086,-5.521615505218506,-51.14610290527344,-0.16302312910556793,-112.196044921875,-19.150272369384766,143.99754333496094,53.28550338745117,0.3487274944782257,-0.18119865655899048,1.3755042552947998,1.6601505279541016,58.32896041870117,37.338478088378906,0.9499794244766235,0.0
268,8.933333333333334,2670,2,8.59614754829663,-8.171630859375,-49.68085479736328,-0.1724628061056137,-110.04188537597656,-20.057153701782227,142.6034698486328,73.86544036865234,-5.521637439727783,-51.30671691894531,-0.13526582717895508,-112.53961181640625,-19.122526168823242,143.83056640625,53.285789489746094,0.3492125868797302,-0.18041007220745087,1.3755502700805664,2.46250057220459,60.605316162109375,37.179195404052734,1.6404004096984863,0.0
269,8.966666666666667,2671,2,8.834927514674499,-8.570964813232422,-49.836090087890625,-0.2605774700641632,-110.17809295654297,-19.638132095336914,143.3871307373047,82.44712829589844,-5.52163028717041,-51.4710578918457,-0.10792874544858932,-112.89076232910156,-19.095176696777344,143.61737060546875,53.2856559753418,0.35014426708221436,-0.17985829710960388,1.3755909204483032,3.2516298294067383,62.5845832824707,37.33346939086914,2.176154851913452,0.0
270,9.0,2672,2,9.249761979691305,-9.00762939453125,-50.04759216308594,-0.34004008769989014,-110.32965850830078,-19.333065032958984,144.77066040039062,91.90636444091797,-5.5212321281433105,-51.64387512207031,-0.08080701529979706,-113.25642395019531,-19.065080642700195,143.40721130371094,53.285667419433594,0.35117417573928833,-0.179298996925354,1.3755481243133545,3.2600207328796387,63.77538299560547,37.258392333984375,2.354931116104126,0.0
271,9.033333333333333,2673,2,9.553148795243775,-9.441158294677734,-50.26219940185547,-0.395441472530365,-110.59092712402344,-19.21514892578125,145.3163604736328,100.15242767333984,-5.521249294281006,-51.8044548034668,-0.05437123030424118,-113.62167358398438,-19.03683090209961,143.2026824951172,53.285892486572266,0.35209059715270996,-0.17863088846206665,1.3756190538406372,2.9120888710021973,62.56111145019531,37.125633239746094,2.125883102416992,0.0
272,9.066666666666666,2674,2,9.759183087259457,-9.780167579650879,-50.51695251464844,-0.4765946865081787,-111.00322723388672,-19.216022491455078,145.57388305664062,108.79315948486328,-5.521390914916992,-51.969722747802734,-0.03037012740969658,-113.99177551269531,-19.0046443939209,143.00582885742188,53.285892486572266,0.3530481457710266,-0.177981436252594,1.3756322860717773,3.2236104011535645,64.11365509033203,37.333763122558594,2.14216947555542,0.0
273,9.1,2675,2,9.80664865768091,-9.916167259216309,-50.73151397705078,-0.4313695430755615,-111.43291473388672,-19.27088165283203,144.83802795410156,114.0464096069336,-5.521066665649414,-52.14043045043945,-0.006929210852831602,-114.36797332763672,-18.97301483154297,142.81936645507812,53.28596878051758,0.353943794965744,-0.1774296760559082,1.3756743669509888,2.4906814098358154,60.04751968383789,37.40596389770508,1.6470284461975098,0.0
274,9.133333333333333,2676,2,9.599970285351011,-10.268570899963379,-50.980010986328125,-0.26636189222335815,-111.9266586303711,-19.311809539794922,144.01223754882812,112.49177551269531,-5.520883560180664,-52.313114166259766,0.01848491095006466,-114.74016571044922,-18.942359924316406,142.6245880126953,53.286014556884766,0.3545735478401184,-0.17683345079421997,1.3757463693618774,1.7461522817611694,58.62212371826172,37.34670639038086,0.9806066751480103,0.0
275,9.166666666666666,2677,2,9.342956176133262,-10.539124488830566,-51.178611755371094,0.021809540688991547,-112.40756225585938,-19.357648849487305,143.07247924804688,107.34410858154297,-5.520830154418945,-52.481632232666016,0.0450771190226078,-115.1054458618164,-18.908021926879883,142.38827514648438,53.285770416259766,0.3551064729690552,-0.17635536193847656,1.375855565071106,2.538142442703247,60.69681930541992,37.36830139160156,1.6391139030456543,0.0
276,9.2,2678,2,8.928917786339913,-10.685444831848145,-51.231117248535156,0.42020443081855774,-112.80845642089844,-19.398080825805664,142.21682739257812,102.23344421386719,-5.520517349243164,-52.64250183105469,0.07136090844869614,-115.46910858154297,-18.867481231689453,142.1641845703125,53.28587341308594,0.3555954396724701,-0.17593562602996826,1.3758989572525024,2.483665704727173,60.76284408569336,37.24843215942383,1.49518620967865,0.0
277,9.233333333333333,2679,2,8.431416744597943,-10.933930397033691,-51.319602966308594,0.8653711676597595,-113.27025604248047,-19.46764373779297,141.36036682128906,98.0842056274414,-5.520635604858398,-52.80769348144531,0.09618651866912842,-115.83038330078125,-18.831552505493164,141.9634246826172,53.28575134277344,0.3561776876449585,-0.17559710144996643,1.3757030963897705,2.2056949138641357,59.245384216308594,37.26459884643555,1.4447996616363525,0.0
278,9.266666666666667,2680,2,7.918756676499392,-11.091676712036133,-51.49108123779297,1.347488284111023,-113.90925598144531,-19.48112678527832,140.63607788085938,93.94711303710938,-5.520438194274902,-52.9781608581543,0.12022378295660019,-116.20001983642578,-18.803770065307617,141.75946044921875,53.2857780456543,0.3565273880958557,-0.17519745230674744,1.375061273574829,2.1779892444610596,60.79075622558594,37.28050994873047,1.364576816558838,0.0
279,9.3,2681,2,7.481774534354964,-11.249651908874512,-51.65119552612305,1.7241319417953491,-114.6822280883789,-19.459186553955078,140.19593811035156,91.00020599365234,-5.5199432373046875,-53.14767837524414,0.14657461643218994,-116.57898712158203,-18.779348373413086,141.5533447265625,53.28595733642578,0.3568601906299591,-0.1747540682554245,1.3742563724517822,1.8557367324829102,59.74344253540039,37.34801483154297,1.2176755666732788,0.0
280,9.333333333333334,2682,2,7.313706932595387,-11.43607234954834,-51.86555862426758,1.9784677028656006,-115.47087097167969,-19.237104415893555,140.38455200195312,89.41422271728516,-5.519257068634033,-53.30424499511719,0.17543485760688782,-116.94186401367188,-18.753263473510742,141.3107147216797,53.286094665527344,0.357332319021225,-0.17440243065357208,1.373320460319519,1.8181369304656982,58.52205276489258,37.22752380371094,0.9086567759513855,0.0
281,9.366666666666667,2683,2,7.294182308146391,-11.572402954101562,-52.04945755004883,2.186321258544922,-116.08544921875,-18.947786331176758,140.12619018554688,89.28363800048828,-5.518827438354492,-53.459022521972656,0.20125006139278412,-117.30387878417969,-18.721620559692383,141.06581115722656,53.28607940673828,0.35773590207099915,-0.17401541769504547,1.3721143007278442,1.4970786571502686,58.341983795166016,37.34589385986328,0.8034766912460327,0.0
282,9.4,2684,2,7.274911744787038,-11.642617225646973,-52.1672248840332,2.343876600265503,-116.5705337524414,-18.712013244628906,139.68968200683594,90.26335144042969,-5.517609596252441,-53.621925354003906,0.22624626755714417,-117.67877197265625,-18.686790466308594,140.85333251953125,53.285919189453125,0.35815516114234924,-0.1734689176082611,1.3708302974700928,1.4658665657043457,58.29641342163086,37.26425552368164,0.7947932481765747,0.0
283,9.433333333333334,2685,2,7.306893092145428,-11.671785354614258,-52.18836975097656,2.4756813049316406,-116.86161041259766,-18.187652587890625,139.08482360839844,92.76873016357422,-5.5139970779418945,-53.77900695800781,0.25121068954467773,-118.05015563964844,-18.655317306518555,140.63424682617188,53.285919189453125,0.358564555644989,-0.1729402393102646,1.3696801662445068,1.911695957183838,59.353084564208984,37.293785095214844,1.0522061586380005,0.0
284,9.466666666666667,2686,2,7.204419686028212,-11.615610122680664,-52.09588623046875,2.575331687927246,-116.99356842041016,-17.468538284301758,138.4511260986328,96.91558074951172,-5.506979942321777,-53.927162170410156,0.2792278230190277,-118.4130859375,-18.628904342651367,140.42105102539062,53.2860221862793,0.35905471444129944,-0.17233571410179138,1.3686802387237549,2.222553014755249,59.54167556762695,37.27521896362305,1.5391693115234375,0.0
285,9.5,2687,2,7.079472906541619,-11.632197380065918,-52.05504608154297,2.7429237365722656,-117.157958984375,-16.750104904174805,137.77072143554688,100.14179992675781,-5.499998092651367,-54.075016021728516,0.309782475233078,-118.78166961669922,-18.605819702148438,140.19981384277344,53.28635025024414,0.35950514674186707,-0.17171695828437805,1.3678392171859741,2.1347815990448,59.90140151977539,37.302154541015625,1.261898398399353,0.0
286,9.533333333333333,2688,2,6.939726261707582,-11.298911094665527,-52.02057647705078,2.9664435386657715,-117.3523178100586,-15.966048240661621,137.2505645751953,101.33390045166016,-5.493917942047119,-54.21662139892578,0.3399697542190552,-119.14048767089844,-18.582366943359375,139.97520446777344,53.28600311279297,0.35999614000320435,-0.17122219502925873,1.3679996728897095,1.5508283376693726,58.89775085449219,37.39020919799805,0.934725821018219,0.0
287,9.566666666666666,2689,2,6.895540294934939,-11.154559135437012,-52.01136016845703,3.180584192276001,-117.55806732177734,-14.84439754486084,136.99700927734375,100.855712890625,-5.489704132080078,-54.358123779296875,0.36863964796066284,-119.51031494140625,-18.560501098632812,139.75669860839844,53.286197662353516,0.36085405945777893,-0.170973539352417,1.3691864013671875,1.6818537712097168,58.70807647705078,37.23101806640625,0.9711073637008667,0.0
288,9.6,2690,2,6.979041632381901,-10.935097694396973,-51.98624038696289,3.4240708351135254,-117.74710083007812,-13.614216804504395,137.1074676513672,97.29647827148438,-5.485310077667236,-54.49510955810547,0.3999238610267639,-119.88068389892578,-18.53911781311035,139.5430450439453,53.28643798828125,0.3617919385433197,-0.17086432874202728,1.3708029985427856,2.1869354248046875,60.364315032958984,37.22776412963867,1.311938762664795,0.0
289,9.633333333333333,2691,2,7.0258765165378705,-10.663058280944824,-51.94964599609375,3.620712995529175,-117.8659439086914,-12.309196472167969,136.90365600585938,94.34710693359375,-5.479044437408447,-54.62849044799805,0.4326997697353363,-120.24065399169922,-18.514402389526367,139.34368896484375,53.286407470703125,0.36259910464286804,-0.17068402469158173,1.372235655784607,2.051774024963379,59.70503616333008,37.346946716308594,1.270599603652954,0.0
290,9.666666666666666,2692,2,7.011675037832736,-10.211129188537598,-51.91609191894531,3.772383213043213,-118.02394104003906,-11.250408172607422,136.77789306640625,92.21656799316406,-5.472414493560791,-54.751861572265625,0.4656562805175781,-120.58602905273438,-18.48917579650879,139.1064453125,53.28599166870117,0.36340805888175964,-0.17043182253837585,1.373440146446228,1.9120925664901733,59.164363861083984,37.3254280090332,1.1549144983291626,0.0
291,9.7,2693,2,6.925259704975764,-9.778071403503418,-51.8602180480957,3.8817269802093506,-118.14112091064453,-10.07751750946045,136.30844116210938,90.67443084716797,-5.467156887054443,-54.87083053588867,0.4989576041698456,-120.93058013916016,-18.468290328979492,138.87705993652344,53.286128997802734,0.36375701427459717,-0.17021919786930084,1.3738923072814941,1.7317800521850586,58.83134841918945,37.257320404052734,1.1217817068099976,0.0
292,9.733333333333333,2694,2,6.825917632859471,-9.385581016540527,-51.77931594848633,3.9545257091522217,-118.17791748046875,-9.021088600158691,135.47267150878906,90.43981170654297,-5.4639787673950195,-54.982696533203125,0.5321277976036072,-121.26109313964844,-18.44810676574707,138.66128540039062,53.28611373901367,0.3637075424194336,-0.16989699006080627,1.3735212087631226,1.7198787927627563,57.82876205444336,37.23089599609375,0.9857360124588013,0.0
293,9.766666666666667,2695,2,6.750281862571565,-9.13654899597168,-51.68186950683594,4.066535472869873,-118.14253997802734,-8.35740852355957,134.64834594726562,89.00453186035156,-5.46135139465332,-55.09342575073242,0.5657920837402344,-121.5911865234375,-18.42961883544922,138.47352600097656,53.286441802978516,0.3632822036743164,-0.1696002334356308,1.3725647926330566,1.813873291015625,58.64719009399414,37.251949310302734,1.0053883790969849,0.0
294,9.8,2696,2,6.561135697500307,-8.711369514465332,-51.61968231201172,4.149027347564697,-118.10852813720703,-7.99002742767334,133.35418701171875,87.11492156982422,-5.454834461212158,-55.19989013671875,0.6009241342544556,-121.91708374023438,-18.412635803222656,138.3041534423828,53.28651809692383,0.36308780312538147,-0.1692967414855957,1.3719539642333984,1.7931357622146606,58.4536018371582,37.28131866455078,1.1448445320129395,0.0
295,9.833333333333334,2697,2,6.400570753227756,-8.554777145385742,-51.61594772338867,4.210485458374023,-118.1309585571289,-7.643879413604736,131.88282775878906,85.4344482421875,-5.4468159675598145,-55.30714797973633,0.6328111290931702,-122.2393798828125,-18.39628028869629,138.1236572265625,53.286399841308594,0.3630252182483673,-0.16908381879329681,1.3717159032821655,1.6857959032058716,59.34199523925781,37.35796356201172,1.182511329650879,0.0
296,9.866666666666667,2698,2,6.279076913143494,-8.263439178466797,-51.62406921386719,4.254859924316406,-118.1869888305664,-7.578341007232666,130.34349060058594,83.18724822998047,-5.438821792602539,-55.403709411621094,0.6646327376365662,-122.55499267578125,-18.383102416992188,137.9045867919922,53.28622055053711,0.36335721611976624,-0.16877228021621704,1.372982144355774,1.9622628688812256,59.74839401245117,37.44160461425781,1.2111212015151978,0.0
297,9.9,2699,2,6.187586763461943,-8.032602310180664,-51.622596740722656,4.3262038230896,-118.2679443359375,-7.490912437438965,129.03134155273438,82.435791015625,-5.4327216148376465,-55.48985290527344,0.694935142993927,-122.8685531616211,-18.368877410888672,137.69772338867188,53.286319732666016,0.36392492055892944,-0.1685715615749359,1.3754079341888428,1.6717262268066406,58.263214111328125,37.32630157470703,0.9276067614555359,0.0
298,9.933333333333334,2700,2,6.149172407392354,-7.83903169631958,-51.77325439453125,4.414733409881592,-118.41738891601562,-7.635662078857422,127.75048828125,81.41790008544922,-5.427399635314941,-55.567832946777344,0.721376895904541,-123.1832046508789,-18.353384017944336,137.51531982421875,53.286460876464844,0.36498692631721497,-0.16843639314174652,1.3782687187194824,1.7930705547332764,59.31303405761719,37.29397201538086,1.0405722856521606,0.0
299,9.966666666666667,2701,2,5.925378881154486,-7.575519561767578,-51.99380874633789,4.5807785987854,-118.52472686767578,-7.723875522613525,126.46534729003906,80.7138442993164,-5.427399635314941,-55.567832946777344,0.721376895904541,-123.1832046508789,-18.353384017944336,137.51531982421875,53.286460876464844,0.3660251498222351,-0.16841785609722137,1.3812652826309204,1.6326063871383667,58.16611099243164,37.464012145996094,0.9759292006492615,0.0
300,10.0,2702,2,5.972784408136033,-7.324165344238281,-52.2563591003418,4.647945880889893,-118.59005737304688,-7.947925090789795,125.34322357177734,80.07830810546875,-5.421939849853516,-55.639183044433594,0.7460536956787109,-123.4923095703125,-18.33747673034668,137.33392333984375,53.28632736206055,0.3669171929359436,-0.1681940257549286,1.384050965309143,1.562678337097168,58.2459716796875,37.17293930053711,0.9488192796707153,0.0
301,10.033333333333333,2703,2,6.251716739453416,-7.100811004638672,-52.52511215209961,4.611701488494873,-118.63554382324219,-8.3057222366333,124.75394439697266,78.29810333251953,-5.4083452224731445,-55.78513717651367,0.7981988787651062,-124.1205825805664,-18.306203842163086,136.9518280029297,53.2867431640625,0.36752575635910034,-0.16786877810955048,1.3859221935272217,1.7569111585617065,59.133216857910156,37.43399429321289,1.009576439857483,0.0
302,10.066666666666666,2704,2,6.098777893804239,-6.967100143432617,-52.754817962646484,4.474719047546387,-118.81968688964844,-8.938729286193848,123.98218536376953,76.02393341064453,-5.4083452224731445,-55.78513717651367,0.7981988787651062,-124.1205825805664,-18.306203842163086,136.9518280029297,53.2867431640625,0.36812731623649597,-0.16741685569286346,1.3870660066604614,1.805206060409546,59.257652282714844,37.494224548339844,1.04710054397583,0.0
303,10.1,2705,2,6.412438307968546,-6.789450168609619,-52.94657516479492,4.260852813720703,-119.0681381225586,-9.693808555603027,123.46923828125,73.78568267822266,-5.385014533996582,-55.91244125366211,0.8491069674491882,-124.73372650146484,-18.279563903808594,136.52301025390625,53.28644943237305,0.3683454990386963,-0.16695597767829895,1.387256145477295,1.8568530082702637,57.951480865478516,37.2442626953125,1.132944107055664,0.0
304,10.133333333333333,2706,2,6.243977341928594,-6.721370220184326,-53.04146194458008,4.0190815925598145,-119.31282806396484,-10.351993560791016,122.96408081054688,72.73431396484375,-5.385014533996582,-55.91244125366211,0.8491069674491882,-124.73372650146484,-18.279563903808594,136.52301025390625,53.28644943237305,0.3685878813266754,-0.16651326417922974,1.3879709243774414,1.635257363319397,59.208194732666016,37.281734466552734,0.8788344860076904,0.0
305,10.166666666666666,2707,2,6.2727336194780055,-6.781435012817383,-53.04517364501953,3.8236002922058105,-119.58122253417969,-10.904747009277344,122.6922378540039,71.2603988647461,-5.373924255371094,-55.959312438964844,0.8731433153152466,-125.03230285644531,-18.270898818969727,136.35182189941406,53.28666687011719,0.36864611506462097,-0.16627736389636993,1.3884103298187256,1.6540780067443848,59.934974670410156,37.3333740234375,1.0324163436889648,0.0
306,10.2,2708,2,6.299125860679544,-7.101852893829346,-53.09183120727539,3.7855722904205322,-119.86653137207031,-11.394632339477539,122.13511657714844,68.73451232910156,-5.364485740661621,-55.99434280395508,0.8984854221343994,-125.3295669555664,-18.26178741455078,136.1742401123047,53.28642654418945,0.368802934885025,-0.1662602424621582,1.3885256052017212,1.881140947341919,59.350711822509766,37.33241653442383,1.1682120561599731,0.0
307,10.233333333333333,2709,2,6.294517580529719,-7.3233489990234375,-53.12847137451172,3.921403408050537,-120.15995788574219,-11.742277145385742,121.73008728027344,66.14282989501953,-5.355432510375977,-56.01232147216797,0.92619389295578,-125.61420440673828,-18.25344467163086,135.9996795654297,53.2867546081543,0.36891788244247437,-0.16645532846450806,1.3888403177261353,1.857003927230835,59.6503791809082,37.31426239013672,1.101209044456482,0.0
308,10.266666666666667,2710,2,6.254785440877214,-7.5105881690979,-53.1378288269043,4.057786464691162,-120.37830352783203,-12.00897216796875,121.47201538085938,63.381446838378906,-5.34536075592041,-56.022918701171875,0.9578748345375061,-125.90906524658203,-18.244386672973633,135.7852020263672,53.286834716796875,0.3689957857131958,-0.1666429191827774,1.3894169330596924,1.9083001613616943,59.34562301635742,37.3591423034668,1.1858452558517456,0.0
309,10.3,2711,2,6.166053980724734,-7.591516017913818,-53.159671783447266,4.248771667480469,-120.55936431884766,-12.114204406738281,121.51209259033203,60.46073532104492,-5.338130474090576,-56.020442962646484,0.986729621887207,-126.1614990234375,-18.236860275268555,135.6046905517578,53.28643035888672,0.3690800666809082,-0.16673649847507477,1.389922022819519,1.9573920965194702,60.19084548950195,37.376949310302734,1.1342109441757202,0.0
310,10.333333333333334,2712,2,6.136709430521597,-7.673764705657959,-53.21001434326172,4.29581356048584,-120.81847381591797,-12.26298999786377,121.62049865722656,57.81653594970703,-5.331988334655762,-56.01146697998047,1.0161786079406738,-126.4015884399414,-18.23042106628418,135.41864013671875,53.286712646484375,0.368997186422348,-0.16671422123908997,1.3898566961288452,1.8409639596939087,59.28014373779297,37.10275650024414,1.1514421701431274,0.0
311,10.366666666666667,2713,2,6.170863358059642,-7.446712493896484,-53.314876556396484,4.218146324157715,-121.10386657714844,-12.28186321258545,122.0088119506836,57.029239654541016,-5.327914714813232,-55.99301528930664,1.0448476076126099,-126.63546752929688,-18.224414825439453,135.2451934814453,53.28669357299805,0.3686695396900177,-0.16653695702552795,1.3885140419006348,1.4594908952713013,58.01893997192383,37.41570281982422,0.8586676716804504,0.0
312,10.4,2714,2,6.233219735144596,-7.200183391571045,-53.42632293701172,4.1210174560546875,-121.32767486572266,-12.103254318237305,122.25360107421875,58.4835319519043,-5.322808742523193,-55.97018051147461,1.0745677947998047,-126.8682861328125,-18.218645095825195,135.0748748779297,53.286865234375,0.3683378994464874,-0.16635853052139282,1.3868247270584106,1.6813135147094727,59.3521614074707,37.3073844909668,0.9093990921974182,0.0
313,10.433333333333334,2715,2,6.307121974006067,-7.072090148925781,-53.56779861450195,3.837461233139038,-121.61711120605469,-12.18325424194336,122.50550079345703,59.712501525878906,-5.315690517425537,-55.94025802612305,1.1051052808761597,-127.08991241455078,-18.214284896850586,134.89959716796875,53.28667449951172,0.3678596019744873,-0.16604460775852203,1.3848878145217896,1.7628819942474365,57.964839935302734,37.18793869018555,0.9327061772346497,0.0
314,10.466666666666667,2716,2,6.344616676953434,-6.8602142333984375,-53.69544219970703,3.4853355884552,-121.95198059082031,-12.329486846923828,122.49195098876953,60.916378021240234,-5.305485248565674,-55.90937042236328,1.1361294984817505,-127.3047866821289,-18.209712982177734,134.68856811523438,53.28685760498047,0.36734259128570557,-0.16580617427825928,1.3830384016036987,1.7274987697601318,58.1273078918457,37.54877853393555,0.9220490455627441,0.0
315,10.5,2717,2,6.3626316925177875,-6.404510974884033,-53.79912567138672,3.085742950439453,-122.3186264038086,-12.909463882446289,122.3278579711914,62.02787399291992,-5.294641971588135,-55.88173294067383,1.168632984161377,-127.53190612792969,-18.200105667114258,134.48562622070312,53.286903381347656,0.36689022183418274,-0.16561736166477203,1.3813883066177368,1.7042433023452759,58.88356018066406,37.328453063964844,0.9336780309677124,0.0
316,10.533333333333333,2718,2,6.334245966090502,-6.04327917098999,-53.83760070800781,2.732902765274048,-122.65259552001953,-13.773653984069824,121.95602416992188,62.944637298583984,-5.285622596740723,-55.85420608520508,1.2008419036865234,-127.7516860961914,-18.195037841796875,134.2857666015625,53.28702163696289,0.3666185140609741,-0.16554157435894012,1.3807967901229858,1.5740793943405151,58.77027130126953,37.36130142211914,0.8973156213760376,0.0
317,10.566666666666666,2719,2,6.3398301881849894,-6.041424751281738,-53.87120819091797,2.4785614013671875,-122.95829010009766,-14.69640064239502,121.52793884277344,63.403987884521484,-5.275571346282959,-55.825042724609375,1.2354073524475098,-128.0018768310547,-18.186107635498047,134.082763671875,53.286582946777344,0.36653074622154236,-0.16545459628105164,1.3810086250305176,1.4902827739715576,58.15443420410156,37.308837890625,0.8866470456123352,0.0
318,10.6,2720,2,6.366800542169984,-6.284470558166504,-53.91575622558594,2.225736618041992,-123.18567657470703,-15.724928855895996,121.08307647705078,63.090782165527344,-5.263988018035889,-55.80454635620117,1.2668862342834473,-128.2492218017578,-18.181346893310547,133.90106201171875,53.286949157714844,0.3664563298225403,-0.16538789868354797,1.3817890882492065,1.6677647829055786,57.95240020751953,37.30656814575195,0.9063729643821716,0.0
319,10.633333333333333,2721,2,6.380540120500489,-6.873116493225098,-53.92984390258789,2.1444294452667236,-123.30577850341797,-16.434024810791016,120.82276153564453,63.26322937011719,-5.248647212982178,-55.780517578125,1.3012439012527466,-128.50343322753906,-18.171260833740234,133.72894287109375,53.28669357299805,0.36639678478240967,-0.16518846154212952,1.382496953010559,1.650683879852295,57.94384765625,37.29176712036133,0.9408336877822876,0.0
320,10.666666666666666,2722,2,6.388100690892188,-7.345584392547607,-53.91694259643555,2.170905828475952,-123.49363708496094,-17.19331932067871,120.59097290039062,62.235137939453125,-5.230658531188965,-55.75632095336914,1.3363631963729858,-128.75389099121094,-18.160491943359375,133.5188751220703,53.28684616088867,0.3665305972099304,-0.16532188653945923,1.3842965364456177,1.8272550106048584,58.64110565185547,37.22865295410156,0.8941471576690674,0.0
321,10.7,2723,2,6.399525781129647,-7.6367692947387695,-53.95795822143555,2.111475944519043,-123.71600341796875,-17.96565055847168,120.71553039550781,60.288150787353516,-5.2132344245910645,-55.73563766479492,1.3691405057907104,-129.0136260986328,-18.147066116333008,133.3116455078125,53.28670883178711,0.36678972840309143,-0.16557712852954865,1.3866124153137207,1.933601975440979,58.62077331542969,37.21310043334961,1.1093840599060059,0.0
322,10.733333333333333,2724,2,6.397139099997247,-7.40670108795166,-54.04356384277344,1.9413940906524658,-124.01994323730469,-18.61168098449707,120.90985870361328,58.3664436340332,-5.196732521057129,-55.71360778808594,1.400996446609497,-129.28347778320312,-18.138153076171875,133.1238555908203,53.2869873046875,0.36720165610313416,-0.1659778356552124,1.3887933492660522,1.9317158460617065,58.33986282348633,37.46507263183594,1.129692554473877,0.0
323,10.766666666666667,2725,2,6.3856069525953325,-6.610885143280029,-54.11688232421875,1.7742228507995605,-124.40563201904297,-19.386920928955078,121.16471099853516,55.74824523925781,-5.179350852966309,-55.692317962646484,1.429630160331726,-129.5554656982422,-18.128097534179688,132.9468536376953,53.286659240722656,0.36750558018684387,-0.16643357276916504,1.39035964012146,1.9072623252868652,59.11708068847656,37.36484909057617,1.2169004678726196,0.0
324,10.8,2726,2,6.32265940094549,-5.912112236022949,-54.16808319091797,1.5937073230743408,-124.89997100830078,-20.32172393798828,121.44682312011719,53.057891845703125,-5.162353992462158,-55.67068862915039,1.4548914432525635,-129.8312530517578,-18.119041442871094,132.76885986328125,53.28690719604492,0.36786046624183655,-0.1668306589126587,1.3917149305343628,1.9987969398498535,59.13125228881836,37.37350082397461,1.2579039335250854,0.0
325,10.833333333333334,2727,2,6.229702331792799,-5.862805366516113,-54.21547317504883,1.4576900005340576,-125.41658020019531,-21.171772003173828,121.71076965332031,50.47871017456055,-5.144558906555176,-55.64748001098633,1.4790996313095093,-130.09730529785156,-18.10964584350586,132.6011962890625,53.287010192871094,0.3680301010608673,-0.16708847880363464,1.3922244310379028,2.0177838802337646,59.02539825439453,37.194053649902344,1.1428875923156738,0.0
326,10.866666666666667,2728,2,6.194975796979635,-6.279750823974609,-54.197654724121094,1.3361432552337646,-125.84407043457031,-22.031641006469727,121.8890380859375,48.75137710571289,-5.12321662902832,-55.62372970581055,1.502446174621582,-130.38400268554688,-18.103450775146484,132.39219665527344,53.286705017089844,0.3680335581302643,-0.16712407767772675,1.3926784992218018,1.7779912948608398,59.26058578491211,37.233760833740234,1.050697684288025,0.0
327,10.9,2729,2,6.145335874050571,-7.215568542480469,-54.155479431152344,1.271172285079956,-126.13672637939453,-22.501264572143555,122.02599334716797,47.74952697753906,-5.101194858551025,-55.60346221923828,1.5253775119781494,-130.6664276123047,-18.093427658081055,132.20201110839844,53.286949157714844,0.36786118149757385,-0.1669033169746399,1.3926583528518677,1.689786434173584,59.39860916137695,37.38206481933594,1.0343915224075317,0.0
328,10.933333333333334,2730,2,6.096352997828258,-8.089408874511719,-54.095359802246094,1.2266432046890259,-126.53266143798828,-22.795242309570312,122.08467864990234,48.298553466796875,-5.079259872436523,-55.583866119384766,1.5475353002548218,-130.94876098632812,-18.0826358795166,132.01512145996094,53.28717041015625,0.36769410967826843,-0.16692602634429932,1.393281102180481,1.6765332221984863,58.8715934753418,37.292266845703125,0.9489889144897461,0.0
329,10.966666666666667,2731,2,6.054337744790318,-8.845111846923828,-54.040157318115234,1.0506891012191772,-127.06129455566406,-22.618207931518555,122.22655487060547,51.979278564453125,-5.058256149291992,-55.5654411315918,1.5678989887237549,-131.24508666992188,-18.075862884521484,131.86061096191406,53.28678894042969,0.3676239550113678,-0.16704538464546204,1.3939510583877563,2.368932008743286,59.678955078125,37.276126861572266,1.2172400951385498,0.0
330,11.0,2732,2,5.914185609451086,-9.208955764770508,-54.06158447265625,0.7406969666481018,-127.789306640625,-22.237152099609375,122.37387084960938,57.9315299987793,-5.0356035232543945,-55.54560470581055,1.589614987373352,-131.54823303222656,-18.068058013916016,131.68885803222656,53.286949157714844,0.3676897883415222,-0.1672283262014389,1.3947917222976685,2.651397943496704,61.20681381225586,37.29610061645508,1.7882702350616455,0.0
331,11.033333333333333,2733,2,5.755021583086287,-9.309396743774414,-54.11561965942383,0.45017555356025696,-128.48385620117188,-21.58656883239746,122.50208282470703,63.6995849609375,-5.013140678405762,-55.5276985168457,1.6113433837890625,-131.85301208496094,-18.060453414916992,131.5281982421875,53.2867431640625,0.3675762116909027,-0.16747751832008362,1.3950248956680298,2.71132230758667,61.09174346923828,37.37443923950195,1.7174320220947266,0.0
332,11.066666666666666,2734,2,5.598923948041884,-9.598413467407227,-54.191001892089844,0.16521212458610535,-129.32008361816406,-20.998506546020508,122.54367065429688,68.55795288085938,-4.988984107971191,-55.510780334472656,1.632973074913025,-132.15879821777344,-18.052431106567383,131.3638153076172,53.287078857421875,0.36753350496292114,-0.16771365702152252,1.395050048828125,2.4478142261505127,60.95332717895508,37.38981246948242,1.5312410593032837,0.0
333,11.1,2735,2,5.416429538242175,-10.074252128601074,-54.281314849853516,-0.0759039968252182,-130.13575744628906,-20.35438346862793,122.6461181640625,72.80908966064453,-4.963870525360107,-55.49527359008789,1.655205488204956,-132.4720001220703,-18.041791915893555,131.1995849609375,53.28676986694336,0.3674570918083191,-0.16784770786762238,1.3941570520401,2.2579245567321777,60.65089416503906,37.29561996459961,1.500590443611145,0.0
334,11.133333333333333,2736,2,5.256938508967678,-10.647567749023438,-54.32785415649414,-0.2418700009584427,-130.80775451660156,-19.788881301879883,122.77567291259766,75.90450286865234,-4.939722537994385,-55.48355484008789,1.6771563291549683,-132.7896728515625,-18.03133201599121,131.03182983398438,53.2872428894043,0.36710062623023987,-0.16779892146587372,1.392853021621704,1.9559756517410278,60.226356506347656,37.42324447631836,1.2719995975494385,0.0
335,11.166666666666666,2737,2,5.164569921195534,-11.285022735595703,-54.3770866394043,-0.25721701979637146,-131.21246337890625,-19.05192756652832,122.95044708251953,78.31021881103516,-4.914895057678223,-55.46694564819336,1.7000069618225098,-133.10682678222656,-18.023462295532227,130.85641479492188,53.28682327270508,0.36680909991264343,-0.1675899624824524,1.3914551734924316,1.973572850227356,58.658775329589844,37.3005485534668,1.17009437084198,0.0
336,11.2,2738,2,5.153501567469596,-11.81866455078125,-54.394508361816406,-0.03238576650619507,-131.5597381591797,-18.19013214111328,123.18392944335938,79.01335906982422,-4.886220455169678,-55.4510498046875,1.7211241722106934,-133.42710876464844,-18.014358520507812,130.701904296875,53.28691482543945,0.36663854122161865,-0.16747289896011353,1.3904591798782349,1.7602306604385376,59.3702278137207,37.241729736328125,0.9812765121459961,0.0
337,11.233333333333333,2739,2,5.187350125788616,-12.049142837524414,-54.31084060668945,0.25607380270957947,-131.9425811767578,-17.458724975585938,123.41970825195312,78.761474609375,-4.851667404174805,-55.44242477416992,1.7416692972183228,-133.74989318847656,-17.997541427612305,130.56051635742188,53.287235260009766,0.36660298705101013,-0.16743235290050507,1.3900076150894165,1.5325514078140259,58.345951080322266,37.243412017822266,0.8340960144996643,0.0
338,11.266666666666667,2740,2,5.155682821844107,-12.290395736694336,-54.25640869140625,0.6556238532066345,-132.2498321533203,-16.813562393188477,123.58863067626953,77.50271606445312,-4.813222885131836,-55.432891845703125,1.7624492645263672,-134.06903076171875,-17.982969284057617,130.4192657470703,53.28688430786133,0.3666509687900543,-0.16745655238628387,1.389794945716858,1.6351252794265747,58.824867248535156,37.331459045410156,0.9699832797050476,0.008333333767950535
339,11.3,2741,2,5.1584298777235436,-12.840362548828125,-54.228336334228516,1.0215184688568115,-132.40533447265625,-16.290973663330078,123.7691421508789,74.37019348144531,-4.775084018707275,-55.42719650268555,1.7847405672073364,-134.40065002441406,-17.970251083374023,130.24830627441406,53.28692626953125,0.36659374833106995,-0.1675683856010437,1.3896465301513672,2.2194244861602783,59.8717041015625,37.4832763671875,1.231706976890564,0.01666666753590107
340,11.333333333333334,2742,2,5.151187462650077,-13.58969497680664,-54.17497253417969,1.507270097732544,-132.68202209472656,-15.720062255859375,123.8914566040039,69.85768127441406,-4.737196922302246,-55.41161346435547,1.8059672117233276,-134.7320556640625,-17.953269958496094,130.0673370361328,53.28713607788086,0.36638036370277405,-0.16777347028255463,1.3896623849868774,2.5452213287353516,60.85813903808594,37.37063217163086,1.6061487197875977,0.02500000037252903
341,11.366666666666667,2743,2,5.105791756116072,-14.336194038391113,-54.11540985107422,1.971103310585022,-132.96058654785156,-15.193737983703613,124.0741195678711,67.48419189453125,-4.698788166046143,-55.39542007446289,1.8270225524902344,-135.06906127929688,-17.935958862304688,129.89292907714844,53.286949157714844,0.36584898829460144,-0.16780546307563782,1.3886796236038208,2.054368019104004,59.75404357910156,37.47012710571289,1.10708749294281,0.03333333507180214
342,11.4,2744,2,5.061613577030989,-15.185186386108398,-54.07053756713867,2.263453722000122,-133.25350952148438,-14.70077896118164,124.24938201904297,66.11690521240234,-4.665987014770508,-55.37677001953125,1.8483130931854248,-135.41944885253906,-17.91822624206543,129.7287139892578,53.287174224853516,0.364788681268692,-0.167653426527977,1.3865406513214111,1.8282902240753174,59.52053451538086,37.471187591552734,1.0095363855361938,0.0416666679084301
343,11.433333333333334,2745,2,5.079151254294745,-15.513011932373047,-54.0351676940918,2.7143075466156006,-133.49671936035156,-14.087186813354492,124.43019104003906,66.06966400146484,-4.63606071472168,-55.359046936035156,1.8690871000289917,-135.78018188476562,-17.89965057373047,129.57089233398438,53.2867317199707,0.36373454332351685,-0.16735804080963135,1.3833808898925781,1.6793745756149292,58.52705383300781,37.62252426147461,0.9075176119804382,0.05000000074505806
344,11.466666666666667,2746,2,5.1783387691827505,-15.27940559387207,-54.01513671875,3.407409191131592,-133.7611083984375,-13.394843101501465,124.64381408691406,65.69017028808594,-4.6029133796691895,-55.33689880371094,1.8903136253356934,-136.1471710205078,-17.880556106567383,129.39634704589844,53.28690719604492,0.36271533370018005,-0.16710235178470612,1.3803576231002808,1.716468334197998,59.36631774902344,37.59527587890625,0.9161635041236877,0.05833333358168602
345,11.5,2747,2,5.2544272365379445,-14.588703155517578,-53.898223876953125,4.327202320098877,-133.91864013671875,-12.832762718200684,124.77779388427734,66.26335144042969,-4.5679450035095215,-55.315528869628906,1.9116367101669312,-136.5215301513672,-17.860124588012695,129.2366180419922,53.2868537902832,0.36188650131225586,-0.16686151921749115,1.3777793645858765,1.856650710105896,59.53889083862305,37.77902603149414,1.0042544603347778,0.06666667014360428
346,11.533333333333333,2748,2,5.303135469584569,-13.981488227844238,-53.77963638305664,5.282340049743652,-133.94989013671875,-12.24079418182373,124.91724395751953,67.27043914794922,-4.533726692199707,-55.29433822631836,1.9333558082580566,-136.89385986328125,-17.838205337524414,129.04364013671875,53.28721237182617,0.36125144362449646,-0.16666312515735626,1.3753987550735474,2.116588592529297,59.83560562133789,37.816768646240234,1.0484600067138672,0.07500000298023224
347,11.566666666666666,2749,2,5.379019094877321,-13.071765899658203,-53.650665283203125,6.16658878326416,-134.0877227783203,-11.442462921142578,125.27423858642578,67.92413330078125,-4.498630046844482,-55.27408981323242,1.9535917043685913,-137.27853393554688,-17.812381744384766,128.84226989746094,53.28695297241211,0.3610284924507141,-0.16670502722263336,1.3743599653244019,1.9817116260528564,59.3421630859375,37.8015022277832,1.1253153085708618,0.0833333358168602
348,11.6,2750,2,5.424298193410164,-13.073001861572266,-53.487396240234375,7.031170845031738,-134.31561279296875,-10.444295883178711,125.78330993652344,68.1510238647461,-4.462687969207764,-55.24441146850586,1.9745945930480957,-137.67608642578125,-17.779674530029297,128.639892578125,53.287017822265625,0.36093997955322266,-0.1669667661190033,1.3746929168701172,1.8652573823928833,59.4487419128418,37.72006607055664,1.0131173133850098,0.09166666865348816
349,11.633333333333333,2751,2,5.44043646048955,-13.91138744354248,-53.31020736694336,7.5624847412109375,-134.5760040283203,-9.546690940856934,126.31922912597656,67.54808807373047,-4.428176403045654,-55.21441650390625,1.9949254989624023,-138.07289123535156,-17.741168975830078,128.4504852294922,53.2872200012207,0.3612308204174042,-0.1673063188791275,1.3769433498382568,2.1131908893585205,59.53944396972656,37.7967414855957,0.997639536857605,0.10000000149011612
350,11.666666666666666,2752,2,5.4941246562915165,-15.366596221923828,-53.10680389404297,7.792145729064941,-134.91049194335938,-8.819822311401367,126.85652160644531,65.42352294921875,-4.393855094909668,-55.18247985839844,2.0155587196350098,-138.47178649902344,-17.704954147338867,128.26315307617188,53.28681564331055,0.3617834448814392,-0.16776050627231598,1.380431056022644,2.2127797603607178,60.171058654785156,37.7335319519043,1.2505446672439575,0.10833333432674408
351,11.7,2753,2,5.572362058834342,-16.81952476501465,-52.87319564819336,8.047041893005371,-135.30995178222656,-8.308502197265625,127.28390502929688,62.29585647583008,-4.351840972900391,-55.147064208984375,2.0355165004730225,-138.87725830078125,-17.67332649230957,128.07894897460938,53.28684997558594,0.3624899089336395,-0.16818511486053467,1.3844012022018433,2.5832865238189697,61.582645416259766,37.79766845703125,1.413309097290039,0.11666666716337204
352,11.733333333333333,2754,2,5.561870501019924,-17.977825164794922,-52.644588470458984,8.321440696716309,-135.868408203125,-7.9706525802612305,127.50244140625,58.00632095336914,-4.302933216094971,-55.10228729248047,2.0562219619750977,-139.27517700195312,-17.63681411743164,127.85137939453125,53.28689956665039,0.36316755414009094,-0.16860222816467285,1.3884069919586182,2.8980956077575684,61.87074661254883,37.99276351928711,1.589176893234253,0.125
353,11.766666666666667,2755,2,5.448840508422282,-18.814044952392578,-52.35018539428711,8.573647499084473,-136.42916870117188,-7.9460768699646,127.39247131347656,53.31216812133789,-4.25499963760376,-55.05888748168945,2.0768847465515137,-139.67372131347656,-17.59536361694336,127.62689971923828,53.28675079345703,0.36372631788253784,-0.16898296773433685,1.3920778036117554,3.036062240600586,62.601932525634766,37.9233283996582,1.6104918718338013,0.13333334028720856
354,11.8,2756,2,5.380581520825337,-18.8454532623291,-52.33119583129883,8.571118354797363,-137.17739868164062,-7.8803277015686035,127.23417663574219,49.814517974853516,-4.206147193908691,-55.0086555480957,2.0974788665771484,-140.0763397216797,-17.54593849182129,127.43171691894531,53.28689956665039,0.36403268575668335,-0.1692975014448166,1.3943896293640137,2.934051513671875,61.639869689941406,38.04277038574219,1.4814130067825317,0.14166666567325592
355,11.833333333333334,2757,2,5.298640417332223,-18.303813934326172,-52.42366409301758,8.435087203979492,-138.05055236816406,-7.924553871154785,126.92539978027344,46.505794525146484,-4.1604719161987305,-54.95586013793945,2.117689609527588,-140.48565673828125,-17.506502151489258,127.24869537353516,53.2869873046875,0.36417561769485474,-0.1695636659860611,1.3958948850631714,2.8329131603240967,62.846580505371094,38.02598190307617,1.4529930353164673,0.15000000596046448
356,11.866666666666667,2758,2,5.197824717671742,-17.189115524291992,-52.627586364746094,8.165556907653809,-139.0486602783203,-8.078756332397461,126.46611022949219,43.38601303100586,-4.116259574890137,-54.89800262451172,2.1370272636413574,-140.8898162841797,-17.473295211791992,127.0587387084961,53.28694534301758,0.3641550838947296,-0.16978149116039276,1.3965935707092285,2.9021193981170654,61.45493698120117,38.11229705810547,1.3536229133605957,0.15833333134651184
357,11.9,2759,2,5.071324047071334,-15.501362800598145,-52.942962646484375,7.7625274658203125,-140.1717071533203,-8.342936515808105,125.85636138916016,40.455169677734375,-4.06831693649292,-54.83729934692383,2.156506299972534,-141.2882537841797,-17.433351516723633,126.88423919677734,53.28717803955078,0.36397111415863037,-0.16995097696781158,1.396485686302185,2.958449363708496,63.55625915527344,38.13758850097656,1.394707202911377,0.1666666716337204
358,11.933333333333334,2759,2,5.071324047071334,-15.501362800598145,-52.942962646484375,7.7625274658203125,-140.1717071533203,-8.342936515808105,125.85636138916016,40.455169677734375,-4.06831693649292,-54.83729934692383,2.156506299972534,-141.2882537841797,-17.433351516723633,126.88423919677734,53.28717803955078,0.36397111415863037,-0.16995097696781158,1.396485686302185,2.542415142059326,60.04275894165039,38.22900390625,0.7850756645202637,0.17499999701976776
359,11.966666666666667,2759,2,5.071324047071334,-15.501362800598145,-52.942962646484375,7.7625274658203125,-140.1717071533203,-8.342936515808105,125.85636138916016,40.455169677734375,-4.06831693649292,-54.83729934692383,2.156506299972534,-141.2882537841797,-17.433351516723633,126.88423919677734,53.28717803955078,0.36397111415863037,-0.16995097696781158,1.396485686302185,2.504134178161621,60.86672592163086,38.286903381347656,0.82139652967453,0.18333333730697632
360,12.0,2759,2,5.071324047071334,-15.501362800598145,-52.942962646484375,7.7625274658203125,-140.1717071533203,-8.342936515808105,125.85636138916016,40.455169677734375,-4.06831693649292,-54.83729934692383,2.156506299972534,-141.2882537841797,-17.433351516723633,126.88423919677734,53.28717803955078,0.36397111415863037,-0.16995097696781158,1.396485686302185,2.3877756595611572,60.74851989746094,38.243900299072266,0.9031938910484314,0.19166666269302368
361,12.033333333333333,2759,2,5.071324047071334,-15.501362800598145,-52.942962646484375,7.7625274658203125,-140.1717071533203,-8.342936515808105,125.85636138916016,40.455169677734375,-4.06831693649292,-54.83729934692383,2.156506299972534,-141.2882537841797,-17.433351516723633,126.88423919677734,53.28717803955078,0.36397111415863037,-0.16995097696781158,1.396485686302185,2.522759437561035,61.030948638916016,38.243961334228516,0.8644084334373474,0.20000000298023224
362,12.066666666666666,2759,2,5.071324047071334,-15.501362800598145,-52.942962646484375,7.7625274658203125,-140.1717071533203,-8.342936515808105,125.85636138916016,40.455169677734375,-4.06831693649292,-54.83729934692383,2.156506299972534,-141.2882537841797,-17.433351516723633,126.88423919677734,53.28717803955078,0.36397111415863037,-0.16995097696781158,1.396485686302185,2.221099376678467,61.48666000366211,38.46076583862305,0.9192087054252625,0.2083333283662796
363,12.1,2759,2,5.071324047071334,-15.501362800598145,-52.942962646484375,7.7625274658203125,-140.1717071533203,-8.342936515808105,125.85636138916016,40.455169677734375,-4.06831693649292,-54.83729934692383,2.156506299972534,-141.2882537841797,-17.433351516723633,126.88423919677734,53.28717803955078,0.36397111415863037,-0.16995097696781158,1.396485686302185,2.3356878757476807,61.21010208129883,38.47309875488281,0.8242500424385071,0.21666666865348816
364,12.133333333333333,2759,2,5.071324047071334,-15.501362800598145,-52.942962646484375,7.7625274658203125,-140.1717071533203,-8.342936515808105,125.85636138916016,40.455169677734375,-4.06831693649292,-54.83729934692383,2.156506299972534,-141.2882537841797,-17.433351516723633,126.88423919677734,53.28717803955078,0.36397111415863037,-0.16995097696781158,1.396485686302185,2.3505117893218994,61.13852310180664,38.27903747558594,0.9007784724235535,0.22499999403953552
365,12.166666666666666,2759,2,5.071324047071334,-15.501362800598145,-52.942962646484375,7.7625274658203125,-140.1717071533203,-8.342936515808105,125.85636138916016,40.455169677734375,-4.06831693649292,-54.83729934692383,2.156506299972534,-141.2882537841797,-17.433351516723633,126.88423919677734,53.28717803955078,0.36397111415863037,-0.16995097696781158,1.396485686302185,2.500523328781128,61.721435546875,38.348087310791016,0.7936288714408875,0.23333333432674408
366,12.2,2759,2,5.071324047071334,-15.501362800598145,-52.942962646484375,7.7625274658203125,-140.1717071533203,-8.342936515808105,125.85636138916016,40.455169677734375,-4.06831693649292,-54.83729934692383,2.156506299972534,-141.2882537841797,-17.433351516723633,126.88423919677734,53.28717803955078,0.36397111415863037,-0.16995097696781158,1.396485686302185,2.3245317935943604,61.83833694458008,38.49448776245117,0.9599224925041199,0.24166665971279144
367,12.233333333333333,2759,2,5.071324047071334,-15.501362800598145,-52.942962646484375,7.7625274658203125,-140.1717071533203,-8.342936515808105,125.85636138916016,40.455169677734375,-4.06831693649292,-54.83729934692383,2.156506299972534,-141.2882537841797,-17.433351516723633,126.88423919677734,53.28717803955078,0.36397111415863037,-0.16995097696781158,1.396485686302185,2.55683970451355,61.53871536254883,38.61286163330078,0.8870332837104797,0.25
368,12.266666666666667,2759,2,5.071324047071334,-15.501362800598145,-52.942962646484375,7.7625274658203125,-140.1717071533203,-8.342936515808105,125.85636138916016,40.455169677734375,-4.06831693649292,-54.83729934692383,2.156506299972534,-141.2882537841797,-17.433351516723633,126.88423919677734,53.28717803955078,0.36397111415863037,-0.16995097696781158,1.396485686302185,2.5770699977874756,61.50381088256836,38.43329620361328,0.9826041460037231,0.25833332538604736
369,12.3,2759,2,5.071324047071334,-15.501362800598145,-52.942962646484375,7.7625274658203125,-140.1717071533203,-8.342936515808105,125.85636138916016,40.455169677734375,-4.06831693649292,-54.83729934692383,2.156506299972534,-141.2882537841797,-17.433351516723633,126.88423919677734,53.28717803955078,0.36397111415863037,-0.16995097696781158,1.396485686302185,2.8284621238708496,61.61377716064453,38.6263427734375,0.9255183339118958,0.2666666805744171
370,12.333333333333334,2759,2,5.071324047071334,-15.501362800598145,-52.942962646484375,7.7625274658203125,-140.1717071533203,-8.342936515808105,125.85636138916016,40.455169677734375,-4.06831693649292,-54.83729934692383,2.156506299972534,-141.2882537841797,-17.433351516723633,126.88423919677734,53.28717803955078,0.36397111415863037,-0.16995097696781158,1.396485686302185,2.728060007095337,62.1263542175293,38.73439407348633,0.9041104912757874,0.2750000059604645
371,12.366666666666667,2759,2,5.071324047071334,-15.501362800598145,-52.942962646484375,7.7625274658203125,-140.1717071533203,-8.342936515808105,125.85636138916016,40.455169677734375,-4.06831693649292,-54.83729934692383,2.156506299972534,-141.2882537841797,-17.433351516723633,126.88423919677734,53.28717803955078,0.36397111415863037,-0.16995097696781158,1.396485686302185,2.885631561279297,62.1754035949707,38.62818908691406,0.9698004126548767,0.28333333134651184
372,12.4,2759,2,5.071324047071334,-15.501362800598145,-52.942962646484375,7.7625274658203125,-140.1717071533203,-8.342936515808105,125.85636138916016,40.455169677734375,-4.06831693649292,-54.83729934692383,2.156506299972534,-141.2882537841797,-17.433351516723633,126.88423919677734,53.28717803955078,0.36397111415863037,-0.16995097696781158,1.396485686302185,2.9872779846191406,61.012115478515625,38.80004119873047,0.8684309124946594,0.2916666567325592
373,12.433333333333334,2759,2,5.071324047071334,-15.501362800598145,-52.942962646484375,7.7625274658203125,-140.1717071533203,-8.342936515808105,125.85636138916016,40.455169677734375,-4.06831693649292,-54.83729934692383,2.156506299972534,-141.2882537841797,-17.433351516723633,126.88423919677734,53.28717803955078,0.36397111415863037,-0.16995097696781158,1.396485686302185,3.2328972816467285,61.71885681152344,38.87409973144531,0.8621188402175903,0.30000001192092896
374,12.466666666666667,2759,2,5.071324047071334,-15.501362800598145,-52.942962646484375,7.7625274658203125,-140.1717071533203,-8.342936515808105,125.85636138916016,40.455169677734375,-4.06831693649292,-54.83729934692383,2.156506299972534,-141.2882537841797,-17.433351516723633,126.88423919677734,53.28717803955078,0.36397111415863037,-0.16995097696781158,1.396485686302185,3.0036890506744385,60.90448760986328,38.79191589355469,0.9958420395851135,0.3083333373069763
375,12.5,2759,2,5.071324047071334,-15.501362800598145,-52.942962646484375,7.7625274658203125,-140.1717071533203,-8.342936515808105,125.85636138916016,40.455169677734375,-4.06831693649292,-54.83729934692383,2.156506299972534,-141.2882537841797,-17.433351516723633,126.88423919677734,53.28717803955078,0.36397111415863037,-0.16995097696781158,1.396485686302185,3.1191349029541016,61.873226165771484,38.83492660522461,0.9000222682952881,0.3166666626930237
376,12.533333333333333,2759,2,5.071324047071334,-15.501362800598145,-52.942962646484375,7.7625274658203125,-140.1717071533203,-8.342936515808105,125.85636138916016,40.455169677734375,-4.06831693649292,-54.83729934692383,2.156506299972534,-141.2882537841797,-17.433351516723633,126.88423919677734,53.28717803955078,0.36397111415863037,-0.16995097696781158,1.396485686302185,3.153898239135742,61.43495178222656,38.986515045166016,0.9046285152435303,0.32499998807907104
377,12.566666666666666,2759,2,5.071324047071334,-15.501362800598145,-52.942962646484375,7.7625274658203125,-140.1717071533203,-8.342936515808105,125.85636138916016,40.455169677734375,-4.06831693649292,-54.83729934692383,2.156506299972534,-141.2882537841797,-17.433351516723633,126.88423919677734,53.28717803955078,0.36397111415863037,-0.16995097696781158,1.396485686302185,3.299893856048584,62.39036178588867,39.11495590209961,0.9327161908149719,0.3333333432674408
378,12.6,2759,2,5.071324047071334,-15.501362800598145,-52.942962646484375,7.7625274658203125,-140.1717071533203,-8.342936515808105,125.85636138916016,40.455169677734375,-4.06831693649292,-54.83729934692383,2.156506299972534,-141.2882537841797,-17.433351516723633,126.88423919677734,53.28717803955078,0.36397111415863037,-0.16995097696781158,1.396485686302185,3.1962270736694336,62.51007843017578,38.959014892578125,1.0041664838790894,0.34166666865348816
379,12.633333333333333,2759,2,5.071324047071334,-15.501362800598145,-52.942962646484375,7.7625274658203125,-140.1717071533203,-8.342936515808105,125.85636138916016,40.455169677734375,-4.06831693649292,-54.83729934692383,2.156506299972534,-141.2882537841797,-17.433351516723633,126.88423919677734,53.28717803955078,0.36397111415863037,-0.16995097696781158,1.396485686302185,3.347456216812134,62.657432556152344,39.22538375854492,0.9134004712104797,0.3499999940395355
380,12.666666666666666,2759,2,5.071324047071334,-15.501362800598145,-52.942962646484375,7.7625274658203125,-140.1717071533203,-8.342936515808105,125.85636138916016,40.455169677734375,-4.06831693649292,-54.83729934692383,2.156506299972534,-141.2882537841797,-17.433351516723633,126.88423919677734,53.28717803955078,0.36397111415863037,-0.16995097696781158,1.396485686302185,3.0672683715820312,63.25708770751953,39.21988296508789,0.8857930302619934,0.3583333194255829
381,12.7,2759,2,5.071324047071334,-15.501362800598145,-52.942962646484375,7.7625274658203125,-140.1717071533203,-8.342936515808105,125.85636138916016,40.455169677734375,-4.06831693649292,-54.83729934692383,2.156506299972534,-141.2882537841797,-17.433351516723633,126.88423919677734,53.28717803955078,0.36397111415863037,-0.16995097696781158,1.396485686302185,3.0991318225860596,63.10321044921875,39.221221923828125,1.0077241659164429,0.36666667461395264
382,12.733333333333333,2758,2,5.197824717671742,-17.189115524291992,-52.627586364746094,8.165556907653809,-139.0486602783203,-8.078756332397461,126.46611022949219,43.38601303100586,-4.116259574890137,-54.89800262451172,2.1370272636413574,-140.8898162841797,-17.473295211791992,127.0587387084961,53.28694534301758,0.3641550838947296,-0.16978149116039276,1.3965935707092285,3.6249210834503174,65.01237487792969,39.268760681152344,1.6116276979446411,0.375
383,12.766666666666667,2757,2,5.298640417332223,-18.303813934326172,-52.42366409301758,8.435087203979492,-138.05055236816406,-7.924553871154785,126.92539978027344,46.505794525146484,-4.1604719161987305,-54.95586013793945,2.117689609527588,-140.48565673828125,-17.506502151489258,127.24869537353516,53.2869873046875,0.36417561769485474,-0.1695636659860611,1.3958948850631714,3.720879554748535,65.55322265625,39.229549407958984,1.5322662591934204,0.38333332538604736
384,12.8,2756,2,5.380581520825337,-18.8454532623291,-52.33119583129883,8.571118354797363,-137.17739868164062,-7.8803277015686035,127.23417663574219,49.814517974853516,-4.206147193908691,-55.0086555480957,2.0974788665771484,-140.0763397216797,-17.54593849182129,127.43171691894531,53.28689956665039,0.36403268575668335,-0.1692975014448166,1.3943896293640137,3.819896936416626,66.49114990234375,39.21837615966797,1.5757592916488647,0.3916666805744171
385,12.833333333333334,2755,2,5.448840508422282,-18.814044952392578,-52.35018539428711,8.573647499084473,-136.42916870117188,-7.9460768699646,127.39247131347656,53.31216812133789,-4.25499963760376,-55.05888748168945,2.0768847465515137,-139.67372131347656,-17.59536361694336,127.62689971923828,53.28675079345703,0.36372631788253784,-0.16898296773433685,1.3920778036117554,4.090798854827881,65.42594146728516,39.338130950927734,1.6779941320419312,0.4000000059604645
386,12.866666666666667,2754,2,5.561870501019924,-17.977825164794922,-52.644588470458984,8.321440696716309,-135.868408203125,-7.9706525802612305,127.50244140625,58.00632095336914,-4.302933216094971,-55.10228729248047,2.0562219619750977,-139.27517700195312,-17.63681411743164,127.85137939453125,53.28689956665039,0.36316755414009094,-0.16860222816467285,1.3884069919586182,4.359682083129883,66.60140991210938,39.491153717041016,1.7696173191070557,0.40833333134651184
387,12.9,2753,2,5.572362058834342,-16.81952476501465,-52.87319564819336,8.047041893005371,-135.30995178222656,-8.308502197265625,127.28390502929688,62.29585647583008,-4.351840972900391,-55.147064208984375,2.0355165004730225,-138.87725830078125,-17.67332649230957,128.07894897460938,53.28684997558594,0.3624899089336395,-0.16818511486053467,1.3844012022018433,3.885767698287964,64.41495513916016,39.47011947631836,1.614462971687317,0.4166666567325592
388,12.933333333333334,2752,2,5.4941246562915165,-15.366596221923828,-53.10680389404297,7.792145729064941,-134.91049194335938,-8.819822311401367,126.85652160644531,65.42352294921875,-4.393855094909668,-55.18247985839844,2.0155587196350098,-138.47178649902344,-17.704954147338867,128.26315307617188,53.28681564331055,0.3617834448814392,-0.16776050627231598,1.380431056022644,3.7194623947143555,64.60418701171875,39.486759185791016,1.5508410930633545,0.42500001192092896
389,12.966666666666667,2751,2,5.44043646048955,-13.91138744354248,-53.31020736694336,7.5624847412109375,-134.5760040283203,-9.546690940856934,126.31922912597656,67.54808807373047,-4.428176403045654,-55.21441650390625,1.9949254989624023,-138.07289123535156,-17.741168975830078,128.4504852294922,53.2872200012207,0.3612308204174042,-0.1673063188791275,1.3769433498382568,3.571075201034546,63.660430908203125,39.70051956176758,1.3161011934280396,0.4333333373069763
390,13.0,2750,2,5.424298193410164,-13.073001861572266,-53.487396240234375,7.031170845031738,-134.31561279296875,-10.444295883178711,125.78330993652344,68.1510238647461,-4.462687969207764,-55.24441146850586,1.9745945930480957,-137.67608642578125,-17.779674530029297,128.639892578125,53.287017822265625,0.36093997955322266,-0.1669667661190033,1.3746929168701172,3.4649150371551514,63.09632110595703,39.608673095703125,1.11501145362854,0.4416666626930237
391,13.033333333333333,2749,2,5.379019094877321,-13.071765899658203,-53.650665283203125,6.16658878326416,-134.0877227783203,-11.442462921142578,125.27423858642578,67.92413330078125,-4.498630046844482,-55.27408981323242,1.9535917043685913,-137.27853393554688,-17.812381744384766,128.84226989746094,53.28695297241211,0.3610284924507141,-0.16670502722263336,1.3743599653244019,3.687020778656006,63.45886993408203,39.79075241088867,1.225416660308838,0.44999998807907104
392,13.066666666666666,2748,2,5.303135469584569,-13.981488227844238,-53.77963638305664,5.282340049743652,-133.94989013671875,-12.24079418182373,124.91724395751953,67.27043914794922,-4.533726692199707,-55.29433822631836,1.9333558082580566,-136.89385986328125,-17.838205337524414,129.04364013671875,53.28721237182617,0.36125144362449646,-0.16666312515735626,1.3753987550735474,3.7623684406280518,62.72957992553711,39.899898529052734,1.1438162326812744,0.4583333432674408
393,13.1,2747,2,5.2544272365379445,-14.588703155517578,-53.898223876953125,4.327202320098877,-133.91864013671875,-12.832762718200684,124.77779388427734,66.26335144042969,-4.5679450035095215,-55.315528869628906,1.9116367101669312,-136.5215301513672,-17.860124588012695,129.2366180419922,53.2868537902832,0.36188650131225586,-0.16686151921749115,1.3777793645858765,3.497255802154541,63.18951416015625,39.64620590209961,1.1810098886489868,0.46666666865348816
394,13.133333333333333,2746,2,5.1783387691827505,-15.27940559387207,-54.01513671875,3.407409191131592,-133.7611083984375,-13.394843101501465,124.64381408691406,65.69017028808594,-4.6029133796691895,-55.33689880371094,1.8903136253356934,-136.1471710205078,-17.880556106567383,129.39634704589844,53.28690719604492,0.36271533370018005,-0.16710235178470612,1.3803576231002808,3.5292701721191406,64.0729751586914,39.83827209472656,1.171437382698059,0.4749999940395355
395,13.166666666666666,2745,2,5.079151254294745,-15.513011932373047,-54.0351676940918,2.7143075466156006,-133.49671936035156,-14.087186813354492,124.43019104003906,66.06966400146484,-4.63606071472168,-55.359046936035156,1.8690871000289917,-135.78018188476562,-17.89965057373047,129.57089233398438,53.2867317199707,0.36373454332351685,-0.16735804080963135,1.3833808898925781,3.313373327255249,63.03672790527344,39.87175750732422,1.1089106798171997,0.4833333194255829
396,13.2,2744,2,5.061613577030989,-15.185186386108398,-54.07053756713867,2.263453722000122,-133.25350952148438,-14.70077896118164,124.24938201904297,66.11690521240234,-4.665987014770508,-55.37677001953125,1.8483130931854248,-135.41944885253906,-17.91822624206543,129.7287139892578,53.287174224853516,0.364788681268692,-0.167653426527977,1.3865406513214111,3.341728448867798,62.854740142822266,39.79767990112305,1.0124382972717285,0.49166667461395264
397,13.233333333333333,2743,2,5.105791756116072,-14.336194038391113,-54.11540985107422,1.971103310585022,-132.96058654785156,-15.193737983703613,124.0741195678711,67.48419189453125,-4.698788166046143,-55.39542007446289,1.8270225524902344,-135.06906127929688,-17.935958862304688,129.89292907714844,53.286949157714844,0.36584898829460144,-0.16780546307563782,1.3886796236038208,3.055222988128662,63.43238830566406,40.044246673583984,1.101495385169983,0.5
398,13.266666666666667,2742,2,5.151187462650077,-13.58969497680664,-54.17497253417969,1.507270097732544,-132.68202209472656,-15.720062255859375,123.8914566040039,69.85768127441406,-4.737196922302246,-55.41161346435547,1.8059672117233276,-134.7320556640625,-17.953269958496094,130.0673370361328,53.28713607788086,0.36638036370277405,-0.16777347028255463,1.3896623849868774,3.359698534011841,63.75660705566406,39.985904693603516,1.3258850574493408,0.5083333253860474
399,13.3,2741,2,5.1584298777235436,-12.840362548828125,-54.228336334228516,1.0215184688568115,-132.40533447265625,-16.290973663330078,123.7691421508789,74.37019348144531,-4.775084018707275,-55.42719650268555,1.7847405672073364,-134.40065002441406,-17.970251083374023,130.24830627441406,53.28692626953125,0.36659374833106995,-0.1675683856010437,1.3896465301513672,3.6257476806640625,64.6969985961914,40.07986068725586,1.676889419555664,0.5166666507720947
400,13.333333333333334,2740,2,5.155682821844107,-12.290395736694336,-54.25640869140625,0.6556238532066345,-132.2498321533203,-16.813562393188477,123.58863067626953,77.50271606445312,-4.813222885131836,-55.432891845703125,1.7624492645263672,-134.06903076171875,-17.982969284057617,130.4192657470703,53.28688430786133,0.3666509687900543,-0.16745655238628387,1.389794945716858,3.454345703125,64.05030822753906,40.11196517944336,1.3995366096496582,0.5249999761581421
401,13.366666666666667,2739,2,5.187350125788616,-12.049142837524414,-54.31084060668945,0.25607380270957947,-131.9425811767578,-17.458724975585938,123.41970825195312,78.761474609375,-4.851667404174805,-55.44242477416992,1.7416692972183228,-133.74989318847656,-17.997541427612305,130.56051635742188,53.287235260009766,0.36660298705101013,-0.16743235290050507,1.3900076150894165,3.340970277786255,62.239627838134766,40.161590576171875,1.2691932916641235,0.5333333611488342
402,13.4,2738,2,5.153501567469596,-11.81866455078125,-54.394508361816406,-0.03238576650619507,-131.5597381591797,-18.19013214111328,123.18392944335938,79.01335906982422,-4.886220455169678,-55.4510498046875,1.7211241722106934,-133.42710876464844,-18.014358520507812,130.701904296875,53.28691482543945,0.36663854122161865,-0.16747289896011353,1.3904591798782349,3.40206241607666,62.313751220703125,40.32969665527344,1.1236214637756348,0.5416666865348816
403,13.433333333333334,2737,2,5.164569921195534,-11.285022735595703,-54.3770866394043,-0.25721701979637146,-131.21246337890625,-19.05192756652832,122.95044708251953,78.31021881103516,-4.914895057678223,-55.46694564819336,1.7000069618225098,-133.10682678222656,-18.023462295532227,130.85641479492188,53.28682327270508,0.36680909991264343,-0.1675899624824524,1.3914551734924316,3.7064433097839355,62.349937438964844,40.1876106262207,1.1850109100341797,0.550000011920929
404,13.466666666666667,2736,2,5.256938508967678,-10.647567749023438,-54.32785415649414,-0.2418700009584427,-130.80775451660156,-19.788881301879883,122.77567291259766,75.90450286865234,-4.939722537994385,-55.48355484008789,1.6771563291549683,-132.7896728515625,-18.03133201599121,131.03182983398438,53.2872428894043,0.36710062623023987,-0.16779892146587372,1.392853021621704,4.0482177734375,64.01140594482422,40.187744140625,1.4075653553009033,0.5583333373069763
405,13.5,2735,2,5.416429538242175,-10.074252128601074,-54.281314849853516,-0.0759039968252182,-130.13575744628906,-20.35438346862793,122.6461181640625,72.80908966064453,-4.963870525360107,-55.49527359008789,1.655205488204956,-132.4720001220703,-18.041791915893555,131.1995849609375,53.28676986694336,0.3674570918083191,-0.16784770786762238,1.3941570520401,4.373262405395508,63.76313400268555,40.25190353393555,1.4450629949569702,0.5666666626930237
406,13.533333333333333,2734,2,5.598923948041884,-9.598413467407227,-54.191001892089844,0.16521212458610535,-129.32008361816406,-20.998506546020508,122.54367065429688,68.55795288085938,-4.988984107971191,-55.510780334472656,1.632973074913025,-132.15879821777344,-18.052431106567383,131.3638153076172,53.287078857421875,0.36753350496292114,-0.16771365702152252,1.395050048828125,4.600681781768799,64.5818099975586,40.404052734375,1.6143748760223389,0.574999988079071
407,13.566666666666666,2733,2,5.755021583086287,-9.309396743774414,-54.11561965942383,0.45017555356025696,-128.48385620117188,-21.58656883239746,122.50208282470703,63.6995849609375,-5.013140678405762,-55.5276985168457,1.6113433837890625,-131.85301208496094,-18.060453414916992,131.5281982421875,53.2867431640625,0.3675762116909027,-0.16747751832008362,1.3950248956680298,4.8528547286987305,65.99170684814453,40.46467590332031,1.8292021751403809,0.5833333134651184
408,13.6,2732,2,5.914185609451086,-9.208955764770508,-54.06158447265625,0.7406969666481018,-127.789306640625,-22.237152099609375,122.37387084960938,57.9315299987793,-5.0356035232543945,-55.54560470581055,1.589614987373352,-131.54823303222656,-18.068058013916016,131.68885803222656,53.286949157714844,0.3676897883415222,-0.1672283262014389,1.3947917222976685,4.933888912200928,67.00420379638672,40.38063049316406,1.977455735206604,0.5916666388511658
409,13.633333333333333,2731,2,6.054337744790318,-8.845111846923828,-54.040157318115234,1.0506891012191772,-127.06129455566406,-22.618207931518555,122.22655487060547,51.979278564453125,-5.058256149291992,-55.5654411315918,1.5678989887237549,-131.24508666992188,-18.075862884521484,131.86061096191406,53.28678894042969,0.3676239550113678,-0.16704538464546204,1.3939510583877563,5.174436569213867,66.48246002197266,40.485450744628906,1.9932290315628052,0.6000000238418579
410,13.666666666666666,2730,2,6.096352997828258,-8.089408874511719,-54.095359802246094,1.2266432046890259,-126.53266143798828,-22.795242309570312,122.08467864990234,48.298553466796875,-5.079259872436523,-55.583866119384766,1.5475353002548218,-130.94876098632812,-18.0826358795166,132.01512145996094,53.28717041015625,0.36769410967826843,-0.16692602634429932,1.393281102180481,4.5950727462768555,65.18716430664062,40.535011291503906,1.6166017055511475,0.6083333492279053
411,13.7,2729,2,6.145335874050571,-7.215568542480469,-54.155479431152344,1.271172285079956,-126.13672637939453,-22.501264572143555,122.02599334716797,47.74952697753906,-5.101194858551025,-55.60346221923828,1.5253775119781494,-130.6664276123047,-18.093427658081055,132.20201110839844,53.286949157714844,0.36786118149757385,-0.1669033169746399,1.3926583528518677,3.9383699893951416,64.51992797851562,40.609249114990234,1.1554123163223267,0.6166666746139526
412,13.733333333333333,2728,2,6.194975796979635,-6.279750823974609,-54.197654724121094,1.3361432552337646,-125.84407043457031,-22.031641006469727,121.8890380859375,48.75137710571289,-5.12321662902832,-55.62372970581055,1.502446174621582,-130.38400268554688,-18.103450775146484,132.39219665527344,53.286705017089844,0.3680335581302643,-0.16712407767772675,1.3926784992218018,3.86035418510437,64.58612823486328,40.87191390991211,1.2248287200927734,0.625
413,13.766666666666667,2727,2,6.229702331792799,-5.862805366516113,-54.21547317504883,1.4576900005340576,-125.41658020019531,-21.171772003173828,121.71076965332031,50.47871017456055,-5.144558906555176,-55.64748001098633,1.4790996313095093,-130.09730529785156,-18.10964584350586,132.6011962890625,53.287010192871094,0.3680301010608673,-0.16708847880363464,1.3922244310379028,3.826120376586914,64.57538604736328,40.7137336730957,1.3038251399993896,0.6333333253860474
414,13.8,2726,2,6.32265940094549,-5.912112236022949,-54.16808319091797,1.5937073230743408,-124.89997100830078,-20.32172393798828,121.44682312011719,53.057891845703125,-5.162353992462158,-55.67068862915039,1.4548914432525635,-129.8312530517578,-18.119041442871094,132.76885986328125,53.28690719604492,0.36786046624183655,-0.1668306589126587,1.3917149305343628,3.8651282787323,66.18989562988281,40.995521545410156,1.3620396852493286,0.6416666507720947
415,13.833333333333334,2725,2,6.3856069525953325,-6.610885143280029,-54.11688232421875,1.7742228507995605,-124.40563201904297,-19.386920928955078,121.16471099853516,55.74824523925781,-5.179350852966309,-55.692317962646484,1.429630160331726,-129.5554656982422,-18.128097534179688,132.9468536376953,53.286659240722656,0.36750558018684387,-0.16643357276916504,1.39035964012146,3.8796916007995605,66.1573486328125,40.825130462646484,1.3855969905853271,0.6499999761581421
416,13.866666666666667,2724,2,6.397139099997247,-7.40670108795166,-54.04356384277344,1.9413940906524658,-124.01994323730469,-18.61168098449707,120.90985870361328,58.3664436340332,-5.196732521057129,-55.71360778808594,1.400996446609497,-129.28347778320312,-18.138153076171875,133.1238555908203,53.2869873046875,0.36720165610313416,-0.1659778356552124,1.3887933492660522,3.565094232559204,66.31893920898438,41.0261344909668,1.3666893243789673,0.6583333611488342
417,13.9,2723,2,6.399525781129647,-7.6367692947387695,-53.95795822143555,2.111475944519043,-123.71600341796875,-17.96565055847168,120.71553039550781,60.288150787353516,-5.2132344245910645,-55.73563766479492,1.3691405057907104,-129.0136260986328,-18.147066116333008,133.3116455078125,53.28670883178711,0.36678972840309143,-0.16557712852954865,1.3866124153137207,3.615131139755249,65.52717590332031,41.078857421875,1.311037540435791,0.6666666865348816
418,13.933333333333334,2722,2,6.388100690892188,-7.345584392547607,-53.91694259643555,2.170905828475952,-123.49363708496094,-17.19331932067871,120.59097290039062,62.235137939453125,-5.230658531188965,-55.75632095336914,1.3363631963729858,-128.75389099121094,-18.160491943359375,133.5188751220703,53.28684616088867,0.3665305972099304,-0.16532188653945923,1.3842965364456177,3.8919057846069336,65.72552490234375,41.03725051879883,1.245284914970398,0.675000011920929
419,13.966666666666667,2721,2,6.380540120500489,-6.873116493225098,-53.92984390258789,2.1444294452667236,-123.30577850341797,-16.434024810791016,120.82276153564453,63.26322937011719,-5.248647212982178,-55.780517578125,1.3012439012527466,-128.50343322753906,-18.171260833740234,133.72894287109375,53.28669357299805,0.36639678478240967,-0.16518846154212952,1.382496953010559,4.083956241607666,65.82569885253906,41.135231018066406,1.2718591690063477,0.6833333373069763
420,14.0,2720,2,6.366800542169984,-6.284470558166504,-53.91575622558594,2.225736618041992,-123.18567657470703,-15.724928855895996,121.08307647705078,63.090782165527344,-5.263988018035889,-55.80454635620117,1.2668862342834473,-128.2492218017578,-18.181346893310547,133.90106201171875,53.286949157714844,0.3664563298225403,-0.16538789868354797,1.3817890882492065,3.9320740699768066,64.93980407714844,41.11233139038086,1.2427964210510254,0.6916666626930237
421,14.033333333333333,2719,2,6.3398301881849894,-6.041424751281738,-53.87120819091797,2.4785614013671875,-122.95829010009766,-14.69640064239502,121.52793884277344,63.403987884521484,-5.275571346282959,-55.825042724609375,1.2354073524475098,-128.0018768310547,-18.186107635498047,134.082763671875,53.286582946777344,0.36653074622154236,-0.16545459628105164,1.3810086250305176,4.102899551391602,65.36129760742188,41.16066360473633,1.2172836065292358,0.699999988079071
422,14.066666666666666,2718,2,6.334245966090502,-6.04327917098999,-53.83760070800781,2.732902765274048,-122.65259552001953,-13.773653984069824,121.95602416992188,62.944637298583984,-5.285622596740723,-55.85420608520508,1.2008419036865234,-127.7516860961914,-18.195037841796875,134.2857666015625,53.28702163696289,0.3666185140609741,-0.16554157435894012,1.3807967901229858,4.590943336486816,65.25198364257812,41.17108917236328,1.209649920463562,0.7083333134651184
423,14.1,2717,2,6.3626316925177875,-6.404510974884033,-53.79912567138672,3.085742950439453,-122.3186264038086,-12.909463882446289,122.3278579711914,62.02787399291992,-5.294641971588135,-55.88173294067383,1.168632984161377,-127.53190612792969,-18.200105667114258,134.48562622070312,53.286903381347656,0.36689022183418274,-0.16561736166477203,1.3813883066177368,4.598489284515381,65.52865600585938,41.30164337158203,1.2070894241333008,0.7166666388511658
424,14.133333333333333,2716,2,6.344616676953434,-6.8602142333984375,-53.69544219970703,3.4853355884552,-121.95198059082031,-12.329486846923828,122.49195098876953,60.916378021240234,-5.305485248565674,-55.90937042236328,1.1361294984817505,-127.3047866821289,-18.209712982177734,134.68856811523438,53.28685760498047,0.36734259128570557,-0.16580617427825928,1.3830384016036987,4.801900386810303,65.90884399414062,41.42521286010742,1.239392638206482,0.7250000238418579
425,14.166666666666666,2715,2,6.307121974006067,-7.072090148925781,-53.56779861450195,3.837461233139038,-121.61711120605469,-12.18325424194336,122.50550079345703,59.712501525878906,-5.315690517425537,-55.94025802612305,1.1051052808761597,-127.08991241455078,-18.214284896850586,134.89959716796875,53.28667449951172,0.3678596019744873,-0.16604460775852203,1.3848878145217896,4.716193675994873,65.15080261230469,41.51836395263672,1.0877541303634644,0.7333333492279053
426,14.2,2714,2,6.233219735144596,-7.200183391571045,-53.42632293701172,4.1210174560546875,-121.32767486572266,-12.103254318237305,122.25360107421875,58.4835319519043,-5.322808742523193,-55.97018051147461,1.0745677947998047,-126.8682861328125,-18.218645095825195,135.0748748779297,53.286865234375,0.3683378994464874,-0.16635853052139282,1.3868247270584106,4.553394794464111,65.16362762451172,41.44620132446289,1.2782279253005981,0.7416666746139526
427,14.233333333333333,2713,2,6.170863358059642,-7.446712493896484,-53.314876556396484,4.218146324157715,-121.10386657714844,-12.28186321258545,122.0088119506836,57.029239654541016,-5.327914714813232,-55.99301528930664,1.0448476076126099,-126.63546752929688,-18.224414825439453,135.2451934814453,53.28669357299805,0.3686695396900177,-0.16653695702552795,1.3885140419006348,4.710355281829834,64.22090148925781,41.59099578857422,1.1996843814849854,0.75
428,14.266666666666667,2712,2,6.136709430521597,-7.673764705657959,-53.21001434326172,4.29581356048584,-120.81847381591797,-12.26298999786377,121.62049865722656,57.81653594970703,-5.331988334655762,-56.01146697998047,1.0161786079406738,-126.4015884399414,-18.23042106628418,135.41864013671875,53.286712646484375,0.368997186422348,-0.16671422123908997,1.3898566961288452,4.201218605041504,63.90993881225586,41.62693786621094,1.1558048725128174,0.7583333253860474
429,14.3,2711,2,6.166053980724734,-7.591516017913818,-53.159671783447266,4.248771667480469,-120.55936431884766,-12.114204406738281,121.51209259033203,60.46073532104492,-5.338130474090576,-56.020442962646484,0.986729621887207,-126.1614990234375,-18.236860275268555,135.6046905517578,53.28643035888672,0.3690800666809082,-0.16673649847507477,1.389922022819519,4.658051490783691,64.1475601196289,41.62733459472656,1.492857813835144,0.7666666507720947
430,14.333333333333334,2710,2,6.254785440877214,-7.5105881690979,-53.1378288269043,4.057786464691162,-120.37830352783203,-12.00897216796875,121.47201538085938,63.381446838378906,-5.34536075592041,-56.022918701171875,0.9578748345375061,-125.90906524658203,-18.244386672973633,135.7852020263672,53.286834716796875,0.3689957857131958,-0.1666429191827774,1.3894169330596924,4.427391052246094,64.98441314697266,41.77627944946289,1.5120350122451782,0.7749999761581421
431,14.366666666666667,2709,2,6.294517580529719,-7.3233489990234375,-53.12847137451172,3.921403408050537,-120.15995788574219,-11.742277145385742,121.73008728027344,66.14282989501953,-5.355432510375977,-56.01232147216797,0.92619389295578,-125.61420440673828,-18.25344467163086,135.9996795654297,53.2867546081543,0.36891788244247437,-0.16645532846450806,1.3888403177261353,4.242455005645752,65.40836334228516,41.89254379272461,1.462853193283081,0.7833333611488342
432,14.4,2708,2,6.299125860679544,-7.101852893829346,-53.09183120727539,3.7855722904205322,-119.86653137207031,-11.394632339477539,122.13511657714844,68.73451232910156,-5.364485740661621,-55.99434280395508,0.8984854221343994,-125.3295669555664,-18.26178741455078,136.1742401123047,53.28642654418945,0.368802934885025,-0.1662602424621582,1.3885256052017212,4.010082721710205,65.00164031982422,41.84795379638672,1.4764188528060913,0.7916666865348816
433,14.433333333333334,2707,2,6.2727336194780055,-6.781435012817383,-53.04517364501953,3.8236002922058105,-119.58122253417969,-10.904747009277344,122.6922378540039,71.2603988647461,-5.373924255371094,-55.959312438964844,0.8731433153152466,-125.03230285644531,-18.270898818969727,136.35182189941406,53.28666687011719,0.36864611506462097,-0.16627736389636993,1.3884103298187256,3.8869876861572266,66.16891479492188,41.80641174316406,1.5173516273498535,0.800000011920929
434,14.466666666666667,2706,2,6.243977341928594,-6.721370220184326,-53.04146194458008,4.0190815925598145,-119.31282806396484,-10.351993560791016,122.96408081054688,72.73431396484375,-5.385014533996582,-55.91244125366211,0.8491069674491882,-124.73372650146484,-18.279563903808594,136.52301025390625,53.28644943237305,0.3685878813266754,-0.16651326417922974,1.3879709243774414,4.18771505355835,65.90988159179688,41.75779724121094,1.2756550312042236,0.8083333373069763
435,14.5,2705,2,6.412438307968546,-6.789450168609619,-52.94657516479492,4.260852813720703,-119.0681381225586,-9.693808555603027,123.46923828125,73.78568267822266,-5.385014533996582,-55.91244125366211,0.8491069674491882,-124.73372650146484,-18.279563903808594,136.52301025390625,53.28644943237305,0.3683454990386963,-0.16695597767829895,1.387256145477295,4.140542984008789,66.13043975830078,42.05840301513672,1.284838080406189,0.8166666626930237
436,14.533333333333333,2704,2,6.098777893804239,-6.967100143432617,-52.754817962646484,4.474719047546387,-118.81968688964844,-8.938729286193848,123.98218536376953,76.02393341064453,-5.4083452224731445,-55.78513717651367,0.7981988787651062,-124.1205825805664,-18.306203842163086,136.9518280029297,53.2867431640625,0.36812731623649597,-0.16741685569286346,1.3870660066604614,4.717071056365967,67.097412109375,42.15964126586914,1.4167040586471558,0.824999988079071
437,14.566666666666666,2703,2,6.251716739453416,-7.100811004638672,-52.52511215209961,4.611701488494873,-118.63554382324219,-8.3057222366333,124.75394439697266,78.29810333251953,-5.4083452224731445,-55.78513717651367,0.7981988787651062,-124.1205825805664,-18.306203842163086,136.9518280029297,53.2867431640625,0.36752575635910034,-0.16786877810955048,1.3859221935272217,5.092023849487305,67.70491027832031,42.238304138183594,1.353257417678833,0.8333333134651184
438,14.6,2702,2,5.972784408136033,-7.324165344238281,-52.2563591003418,4.647945880889893,-118.59005737304688,-7.947925090789795,125.34322357177734,80.07830810546875,-5.421939849853516,-55.639183044433594,0.7460536956787109,-123.4923095703125,-18.33747673034668,137.33392333984375,53.28632736206055,0.3669171929359436,-0.1681940257549286,1.384050965309143,5.091650009155273,67.50141143798828,42.263641357421875,1.3697669506072998,0.8416666388511658
439,14.633333333333333,2701,2,5.925378881154486,-7.575519561767578,-51.99380874633789,4.5807785987854,-118.52472686767578,-7.723875522613525,126.46534729003906,80.7138442993164,-5.427399635314941,-55.567832946777344,0.721376895904541,-123.1832046508789,-18.353384017944336,137.51531982421875,53.286460876464844,0.3660251498222351,-0.16841785609722137,1.3812652826309204,4.8886895179748535,67.21480560302734,42.108245849609375,1.2660003900527954,0.8500000238418579
440,14.666666666666666,2700,2,6.149172407392354,-7.83903169631958,-51.77325439453125,4.414733409881592,-118.41738891601562,-7.635662078857422,127.75048828125,81.41790008544922,-5.427399635314941,-55.567832946777344,0.721376895904541,-123.1832046508789,-18.353384017944336,137.51531982421875,53.286460876464844,0.36498692631721497,-0.16843639314174652,1.3782687187194824,5.261335849761963,67.09725189208984,42.28450012207031,1.3254289627075195,0.8583333492279053
441,14.7,2699,2,6.187586763461943,-8.032602310180664,-51.622596740722656,4.3262038230896,-118.2679443359375,-7.490912437438965,129.03134155273438,82.435791015625,-5.4327216148376465,-55.48985290527344,0.694935142993927,-122.8685531616211,-18.368877410888672,137.69772338867188,53.286319732666016,0.36392492055892944,-0.1685715615749359,1.3754079341888428,5.272294998168945,67.7883071899414,42.258201599121094,1.272987723350525,0.8666666746139526
442,14.733333333333333,2698,2,6.279076913143494,-8.263439178466797,-51.62406921386719,4.254859924316406,-118.1869888305664,-7.578341007232666,130.34349060058594,83.18724822998047,-5.438821792602539,-55.403709411621094,0.6646327376365662,-122.55499267578125,-18.383102416992188,137.9045867919922,53.28622055053711,0.36335721611976624,-0.16877228021621704,1.372982144355774,5.40278434753418,67.85186767578125,42.40594482421875,1.3668278455734253,0.875
443,14.766666666666667,2697,2,6.400570753227756,-8.554777145385742,-51.61594772338867,4.210485458374023,-118.1309585571289,-7.643879413604736,131.88282775878906,85.4344482421875,-5.4468159675598145,-55.30714797973633,0.6328111290931702,-122.2393798828125,-18.39628028869629,138.1236572265625,53.286399841308594,0.3630252182483673,-0.16908381879329681,1.3717159032821655,5.536017894744873,68.00724029541016,42.4811897277832,1.6255160570144653,0.8833333253860474
444,14.8,2696,2,6.561135697500307,-8.711369514465332,-51.61968231201172,4.149027347564697,-118.10852813720703,-7.99002742767334,133.35418701171875,87.11492156982422,-5.454834461212158,-55.19989013671875,0.6009241342544556,-121.91708374023438,-18.412635803222656,138.3041534423828,53.28651809692383,0.36308780312538147,-0.1692967414855957,1.3719539642333984,5.349062442779541,68.45899963378906,42.42511749267578,1.4936274290084839,0.8916666507720947
445,14.833333333333334,2695,2,6.750281862571565,-9.13654899597168,-51.68186950683594,4.066535472869873,-118.14253997802734,-8.35740852355957,134.64834594726562,89.00453186035156,-5.46135139465332,-55.09342575073242,0.5657920837402344,-121.5911865234375,-18.42961883544922,138.47352600097656,53.286441802978516,0.3632822036743164,-0.1696002334356308,1.3725647926330566,5.084733486175537,67.8940200805664,42.542911529541016,1.4136128425598145,0.8999999761581421
446,14.866666666666667,2694,2,6.825917632859471,-9.385581016540527,-51.77931594848633,3.9545257091522217,-118.17791748046875,-9.021088600158691,135.47267150878906,90.43981170654297,-5.4639787673950195,-54.982696533203125,0.5321277976036072,-121.26109313964844,-18.44810676574707,138.66128540039062,53.28611373901367,0.3637075424194336,-0.16989699006080627,1.3735212087631226,5.014398574829102,68.17855072021484,42.738033294677734,1.3440011739730835,0.9083333611488342
447,14.9,2693,2,6.925259704975764,-9.778071403503418,-51.8602180480957,3.8817269802093506,-118.14112091064453,-10.07751750946045,136.30844116210938,90.67443084716797,-5.467156887054443,-54.87083053588867,0.4989576041698456,-120.93058013916016,-18.468290328979492,138.87705993652344,53.286128997802734,0.36375701427459717,-0.17021919786930084,1.3738923072814941,4.472194671630859,68.13508605957031,42.67807388305664,1.3156288862228394,0.9166666865348816
448,14.933333333333334,2692,2,7.011675037832736,-10.211129188537598,-51.91609191894531,3.772383213043213,-118.02394104003906,-11.250408172607422,136.77789306640625,92.21656799316406,-5.472414493560791,-54.751861572265625,0.4656562805175781,-120.58602905273438,-18.48917579650879,139.1064453125,53.28599166870117,0.36340805888175964,-0.17043182253837585,1.373440146446228,4.1610426902771,68.08193969726562,42.71065902709961,1.346825122833252,0.925000011920929
449,14.966666666666667,2691,2,7.0258765165378705,-10.663058280944824,-51.94964599609375,3.620712995529175,-117.8659439086914,-12.309196472167969,136.90365600585938,94.34710693359375,-5.479044437408447,-54.62849044799805,0.4326997697353363,-120.24065399169922,-18.514402389526367,139.34368896484375,53.286407470703125,0.36259910464286804,-0.17068402469158173,1.372235655784607,4.115350723266602,67.90814971923828,42.73337936401367,1.451287031173706,0.9333333373069763
450,15.0,2690,2,6.979041632381901,-10.935097694396973,-51.98624038696289,3.4240708351135254,-117.74710083007812,-13.614216804504395,137.1074676513672,97.29647827148438,-5.485310077667236,-54.49510955810547,0.3999238610267639,-119.88068389892578,-18.53911781311035,139.5430450439453,53.28643798828125,0.3617919385433197,-0.17086432874202728,1.3708029985427856,4.699674606323242,67.58021545410156,42.975547790527344,1.7084699869155884,0.9416666626930237
451,15.033333333333333,2689,2,6.895540294934939,-11.154559135437012,-52.01136016845703,3.180584192276001,-117.55806732177734,-14.84439754486084,136.99700927734375,100.855712890625,-5.489704132080078,-54.358123779296875,0.36863964796066284,-119.51031494140625,-18.560501098632812,139.75669860839844,53.286197662353516,0.36085405945777893,-0.170973539352417,1.3691864013671875,5.089815139770508,68.7588882446289,42.78566360473633,1.73929762840271,0.949999988079071
452,15.066666666666666,2688,2,6.939726261707582,-11.298911094665527,-52.02057647705078,2.9664435386657715,-117.3523178100586,-15.966048240661621,137.2505645751953,101.33390045166016,-5.493917942047119,-54.21662139892578,0.3399697542190552,-119.14048767089844,-18.582366943359375,139.97520446777344,53.28600311279297,0.35999614000320435,-0.17122219502925873,1.3679996728897095,4.754040718078613,66.26512908935547,43.07797622680664,1.3525367975234985,0.9583333134651184
453,15.1,2687,2,7.079472906541619,-11.632197380065918,-52.05504608154297,2.7429237365722656,-117.157958984375,-16.750104904174805,137.77072143554688,100.14179992675781,-5.499998092651367,-54.075016021728516,0.309782475233078,-118.78166961669922,-18.605819702148438,140.19981384277344,53.28635025024414,0.35950514674186707,-0.17171695828437805,1.3678392171859741,4.965962886810303,65.79191589355469,43.16899490356445,1.2787394523620605,0.9666666388511658
454,15.133333333333333,2686,2,7.204419686028212,-11.615610122680664,-52.09588623046875,2.575331687927246,-116.99356842041016,-17.468538284301758,138.4511260986328,96.91558074951172,-5.506979942321777,-53.927162170410156,0.2792278230190277,-118.4130859375,-18.628904342651367,140.42105102539062,53.2860221862793,0.35905471444129944,-0.17233571410179138,1.3686802387237549,5.556786060333252,66.73725128173828,43.09765625,1.6706000566482544,0.9750000238418579
455,15.166666666666666,2685,2,7.306893092145428,-11.671785354614258,-52.18836975097656,2.4756813049316406,-116.86161041259766,-18.187652587890625,139.08482360839844,92.76873016357422,-5.5139970779418945,-53.77900695800781,0.25121068954467773,-118.05015563964844,-18.655317306518555,140.63424682617188,53.285919189453125,0.358564555644989,-0.1729402393102646,1.3696801662445068,6.017128944396973,67.19779205322266,43.079994201660156,1.8225291967391968,0.9833333492279053
456,15.2,2684,2,7.274911744787038,-11.642617225646973,-52.1672248840332,2.343876600265503,-116.5705337524414,-18.712013244628906,139.68968200683594,90.26335144042969,-5.517609596252441,-53.621925354003906,0.22624626755714417,-117.67877197265625,-18.686790466308594,140.85333251953125,53.285919189453125,0.35815516114234924,-0.1734689176082611,1.3708302974700928,5.983336448669434,66.30557250976562,43.27744674682617,1.5948281288146973,0.9916666746139526
457,15.233333333333333,2683,2,7.294182308146391,-11.572402954101562,-52.04945755004883,2.186321258544922,-116.08544921875,-18.947786331176758,140.12619018554688,89.28363800048828,-5.518827438354492,-53.459022521972656,0.20125006139278412,-117.30387878417969,-18.721620559692383,141.06581115722656,53.28607940673828,0.35773590207099915,-0.17401541769504547,1.3721143007278442,5.531316757202148,66.11361694335938,43.273468017578125,1.2669861316680908,1.0
458,15.266666666666667,2682,2,7.313706932595387,-11.43607234954834,-51.86555862426758,1.9784677028656006,-115.47087097167969,-19.237104415893555,140.38455200195312,89.41422271728516,-5.519257068634033,-53.30424499511719,0.17543485760688782,-116.94186401367188,-18.753263473510742,141.3107147216797,53.286094665527344,0.357332319021225,-0.17440243065357208,1.373320460319519,5.702077388763428,65.57334899902344,43.16063690185547,1.2690187692642212,1.0
459,15.3,2681,2,7.481774534354964,-11.249651908874512,-51.65119552612305,1.7241319417953491,-114.6822280883789,-19.459186553955078,140.19593811035156,91.00020599365234,-5.5199432373046875,-53.14767837524414,0.14657461643218994,-116.57898712158203,-18.779348373413086,141.5533447265625,53.28595733642578,0.3568601906299591,-0.1747540682554245,1.3742563724517822,5.7919464111328125,66.26792907714844,43.387962341308594,1.412869930267334,1.0
460,15.333333333333334,2680,2,7.918756676499392,-11.091676712036133,-51.49108123779297,1.347488284111023,-113.90925598144531,-19.48112678527832,140.63607788085938,93.94711303710938,-5.520438194274902,-52.9781608581543,0.12022378295660019,-116.20001983642578,-18.803770065307617,141.75946044921875,53.2857780456543,0.3565273880958557,-0.17519745230674744,1.375061273574829,5.875922679901123,67.34130096435547,43.33557891845703,1.6221555471420288,1.0
461,15.366666666666667,2679,2,8.431416744597943,-10.933930397033691,-51.319602966308594,0.8653711676597595,-113.27025604248047,-19.46764373779297,141.36036682128906,98.0842056274414,-5.520635604858398,-52.80769348144531,0.09618651866912842,-115.83038330078125,-18.831552505493164,141.9634246826172,53.28575134277344,0.3561776876449585,-0.17559710144996643,1.3757030963897705,5.772035598754883,68.82199096679688,43.29878234863281,1.82538902759552,1.0
462,15.4,2678,2,8.928917786339913,-10.685444831848145,-51.231117248535156,0.42020443081855774,-112.80845642089844,-19.398080825805664,142.21682739257812,102.23344421386719,-5.520517349243164,-52.64250183105469,0.07136090844869614,-115.46910858154297,-18.867481231689453,142.1641845703125,53.28587341308594,0.3555954396724701,-0.17593562602996826,1.3758989572525024,5.907176494598389,68.5745849609375,43.27085876464844,1.7809497117996216,1.0
463,15.433333333333334,2677,2,9.342956176133262,-10.539124488830566,-51.178611755371094,0.021809540688991547,-112.40756225585938,-19.357648849487305,143.07247924804688,107.34410858154297,-5.520830154418945,-52.481632232666016,0.0450771190226078,-115.1054458618164,-18.908021926879883,142.38827514648438,53.285770416259766,0.3551064729690552,-0.17635536193847656,1.375855565071106,5.871506214141846,70.39278411865234,43.40021514892578,1.9978790283203125,1.0
464,15.466666666666667,2676,2,9.599970285351011,-10.268570899963379,-50.980010986328125,-0.26636189222335815,-111.9266586303711,-19.311809539794922,144.01223754882812,112.49177551269531,-5.520883560180664,-52.313114166259766,0.01848491095006466,-114.74016571044922,-18.942359924316406,142.6245880126953,53.286014556884766,0.3545735478401184,-0.17683345079421997,1.3757463693618774,5.460061073303223,70.1647720336914,43.31534194946289,2.05631685256958,1.0
465,15.5,2675,2,9.80664865768091,-9.916167259216309,-50.73151397705078,-0.4313695430755615,-111.43291473388672,-19.27088165283203,144.83802795410156,114.0464096069336,-5.521066665649414,-52.14043045043945,-0.006929210852831602,-114.36797332763672,-18.97301483154297,142.81936645507812,53.28596878051758,0.353943794965744,-0.1774296760559082,1.3756743669509888,4.487227916717529,69.00962829589844,43.33654022216797,1.5011930465698242,1.0
466,15.533333333333333,2674,2,9.759183087259457,-9.780167579650879,-50.51695251464844,-0.4765946865081787,-111.00322723388672,-19.216022491455078,145.57388305664062,108.79315948486328,-5.521390914916992,-51.969722747802734,-0.03037012740969658,-113.99177551269531,-19.0046443939209,143.00582885742188,53.285892486572266,0.3530481457710266,-0.177981436252594,1.3756322860717773,5.060819625854492,71.410400390625,43.359230041503906,1.9842175245285034,1.0
467,15.566666666666666,2673,2,9.553148795243775,-9.441158294677734,-50.26219940185547,-0.395441472530365,-110.59092712402344,-19.21514892578125,145.3163604736328,100.15242767333984,-5.521249294281006,-51.8044548034668,-0.05437123030424118,-113.62167358398438,-19.03683090209961,143.2026824951172,53.285892486572266,0.35209059715270996,-0.17863088846206665,1.3756190538406372,5.949512004852295,73.38397979736328,43.422767639160156,2.5552046298980713,1.0
468,15.6,2672,2,9.249761979691305,-9.00762939453125,-50.04759216308594,-0.34004008769989014,-110.32965850830078,-19.333065032958984,144.77066040039062,91.90636444091797,-5.5212321281433105,-51.64387512207031,-0.08080701529979706,-113.25642395019531,-19.065080642700195,143.40721130371094,53.285667419433594,0.35117417573928833,-0.179298996925354,1.3755481243133545,6.135492324829102,73.03705596923828,43.48814392089844,2.470353841781616,1.0
469,15.633333333333333,2671,2,8.834927514674499,-8.570964813232422,-49.836090087890625,-0.2605774700641632,-110.17809295654297,-19.638132095336914,143.3871307373047,82.44712829589844,-5.52163028717041,-51.4710578918457,-0.10792874544858932,-112.89076232910156,-19.095176696777344,143.61737060546875,53.2856559753418,0.35014426708221436,-0.17985829710960388,1.3755909204483032,6.829355716705322,74.06748962402344,43.468475341796875,2.6877822875976562,1.0
470,15.666666666666666,2670,2,8.59614754829663,-8.171630859375,-49.68085479736328,-0.1724628061056137,-110.04188537597656,-20.057153701782227,142.6034698486328,73.86544036865234,-5.521637439727783,-51.30671691894531,-0.13526582717895508,-112.53961181640625,-19.122526168823242,143.83056640625,53.285789489746094,0.3492125868797302,-0.18041007220745087,1.3755502700805664,6.804187297821045,73.43304443359375,43.53980255126953,2.516265630722046,1.0
471,15.7,2669,2,8.548168323177146,-7.889168739318848,-49.527610778808594,-0.1566208153963089,-109.91053009033203,-20.52496337890625,142.44216918945312,68.8635482788086,-5.521615505218506,-51.14610290527344,-0.16302312910556793,-112.196044921875,-19.150272369384766,143.99754333496094,53.28550338745117,0.3487274944782257,-0.18119865655899048,1.3755042552947998,6.166783809661865,70.40109252929688,43.459083557128906,1.9277478456497192,1.0
472,15.733333333333333,2668,2,8.741009448046439,-7.474791049957275,-49.39340591430664,-0.19789479672908783,-109.74065399169922,-20.944684982299805,143.31243896484375,69.2913589477539,-5.521458625793457,-50.98741149902344,-0.19149234890937805,-111.84871673583984,-19.17582893371582,144.16297912597656,53.28569793701172,0.3482029438018799,-0.1820070445537567,1.375075340270996,5.774125576019287,69.60824584960938,43.60554504394531,1.3297489881515503,1.0
473,15.766666666666667,2667,2,8.90050812026742,-7.074846267700195,-49.331939697265625,-0.289077490568161,-109.63749694824219,-21.142255783081055,144.1693878173828,68.34234619140625,-5.522086143493652,-50.8196907043457,-0.21768955886363983,-111.49256896972656,-19.204103469848633,144.3301239013672,53.28569030761719,0.3475646376609802,-0.18275433778762817,1.3743923902511597,5.817602634429932,68.7036361694336,43.468170166015625,1.3562192916870117,1.0
474,15.8,2666,2,8.92833974386535,-6.917092800140381,-49.324764251708984,-0.5070577263832092,-109.41697692871094,-21.26712417602539,145.01121520996094,61.929527282714844,-5.521928787231445,-50.64684295654297,-0.24380679428577423,-111.13194274902344,-19.230018615722656,144.51255798339844,53.285186767578125,0.34674689173698425,-0.18325437605381012,1.373684287071228,6.842719554901123,71.74103546142578,43.42957305908203,2.2731776237487793,1.0
475,15.833333333333334,2665,2,8.808135901203801,-6.406655788421631,-49.27020263671875,-0.6766694784164429,-109.13488006591797,-20.943586349487305,144.74789428710938,52.10259246826172,-5.521780967712402,-50.46485137939453,-0.2690001428127289,-110.76165771484375,-19.258647918701172,144.70851135253906,53.28542709350586,0.34581464529037476,-0.1837920844554901,1.3729792833328247,7.516193389892578,73.37603759765625,43.70106887817383,2.748466730117798,1.0
476,15.866666666666667,2664,2,8.685044079347767,-5.6443657875061035,-49.16306686401367,-0.8121790289878845,-108.7782974243164,-20.295652389526367,143.85958862304688,44.238731384277344,-5.521799087524414,-50.28800964355469,-0.29462626576423645,-110.38726806640625,-19.29218292236328,144.9159393310547,53.285579681396484,0.34499844908714294,-0.18434329330921173,1.3723630905151367,7.024780750274658,71.4015884399414,43.69118118286133,2.435605525970459,1.0
477,15.9,2663,2,8.6810929991772,-5.276423454284668,-49.0307731628418,-0.875987708568573,-108.39116668701172,-19.500343322753906,142.99691772460938,37.49489974975586,-5.521780014038086,-50.10169219970703,-0.32050350308418274,-109.99449157714844,-19.320526123046875,145.0977783203125,53.2855339050293,0.343961238861084,-0.18480417132377625,1.3716380596160889,6.619365692138672,70.63258361816406,43.7038459777832,2.281503915786743,1.0
478,15.933333333333334,2662,2,8.880027465346675,-4.842873573303223,-48.890865325927734,-0.8910182118415833,-108.0394515991211,-18.58441734313965,143.2888641357422,33.47654342651367,-5.521941184997559,-49.91170883178711,-0.34751975536346436,-109.5982894897461,-19.350357055664062,145.29306030273438,53.28548049926758,0.34278079867362976,-0.18515007197856903,1.3710514307022095,5.88004732131958,68.88613891601562,43.380455017089844,1.851949691772461,1.0
479,15.966666666666667,2661,2,9.185136205245895,-4.769076824188232,-48.749454498291016,-0.8959228992462158,-107.76039123535156,-17.7592830657959,144.24192810058594,32.22520446777344,-5.521997451782227,-49.71770477294922,-0.37313219904899597,-109.19660186767578,-19.378355026245117,145.49237060546875,53.285343170166016,0.3417070806026459,-0.18560513854026794,1.3703151941299438,5.135901927947998,66.61015319824219,43.75341796875,1.4307159185409546,1.0
480,16.0,2660,2,9.62092102255153,-4.948697090148926,-48.62566375732422,-0.8713974356651306,-107.56791687011719,-17.090112686157227,146.0489501953125,38.12972640991211,-5.521822452545166,-49.532047271728516,-0.3986680209636688,-108.8002700805664,-19.404605865478516,145.7227020263672,53.28533935546875,0.34067603945732117,-0.18597406148910522,1.3691954612731934,5.725570201873779,70.04271697998047,43.57770919799805,2.108459711074829,1.0
481,16.033333333333335,2659,2,9.940572844286297,-5.191514015197754,-48.56669235229492,-0.8379901051521301,-107.46821594238281,-16.65056610107422,147.34848022460938,43.312374114990234,-5.521982192993164,-49.3355712890625,-0.4242647886276245,-108.39574432373047,-19.43324851989746,145.95849609375,53.28537368774414,0.3397027552127838,-0.1862347424030304,1.3682106733322144,5.299076080322266,67.61418151855469,43.64137649536133,2.0355610847473145,1.0
482,16.066666666666666,2658,2,10.087400446669237,-5.287983417510986,-48.530372619628906,-0.854377031326294,-107.2713851928711,-16.633207321166992,148.23072814941406,44.94572830200195,-5.522125720977783,-49.136444091796875,-0.4492866098880768,-107.99161529541016,-19.46891212463379,146.17617797851562,53.28517532348633,0.3388828933238983,-0.1864209771156311,1.3675636053085327,4.305820465087891,65.70771026611328,43.66691970825195,1.4111253023147583,1.0
483,16.1,2657,2,10.141614871823675,-5.300267696380615,-48.51753234863281,-0.8139572143554688,-107.07191467285156,-16.530986785888672,148.46018981933594,43.87824249267578,-5.521822452545166,-48.93547058105469,-0.4738212525844574,-107.58184814453125,-19.50216293334961,146.37001037597656,53.28525161743164,0.33813178539276123,-0.1867055892944336,1.3666540384292603,4.163822650909424,65.30752563476562,43.66478729248047,1.2971718311309814,1.0
484,16.133333333333333,2656,2,10.21348525798191,-5.250677108764648,-48.471527099609375,-0.7464920282363892,-106.85367584228516,-16.320178985595703,148.36268615722656,44.00924301147461,-5.522000789642334,-48.735538482666016,-0.49625009298324585,-107.16677856445312,-19.53715705871582,146.56871032714844,53.28557205200195,0.33747801184654236,-0.18698473274707794,1.3656895160675049,4.369670391082764,64.9286880493164,43.832481384277344,1.1471143960952759,1.0
485,16.166666666666668,2655,2,10.352812836443457,-5.528457164764404,-48.445960998535156,-0.6565924286842346,-106.66680908203125,-16.410263061523438,148.46250915527344,43.36572265625,-5.522005558013916,-48.53804016113281,-0.5182491540908813,-106.7646484375,-19.571725845336914,146.7777862548828,53.285091400146484,0.33655738830566406,-0.187160462141037,1.3646315336227417,4.835666179656982,65.26634216308594,43.744937896728516,1.172412633895874,1.0
486,16.2,2654,2,10.539025053663005,-5.515660762786865,-48.427330017089844,-0.5611135363578796,-106.45723724365234,-16.683271408081055,148.42344665527344,43.71085739135742,-5.522124290466309,-48.33525085449219,-0.5390790104866028,-106.3593978881836,-19.605819702148438,147.00746154785156,53.28490447998047,0.33560168743133545,-0.18733327090740204,1.3637222051620483,5.042722225189209,66.65296936035156,43.744178771972656,1.20006263256073,1.0
487,16.233333333333334,2653,2,10.756199159571423,-5.798676490783691,-48.40398025512695,-0.49046197533607483,-106.27543640136719,-17.175094604492188,148.37965393066406,44.428592681884766,-5.522005081176758,-48.144073486328125,-0.5607626438140869,-105.97162628173828,-19.646677017211914,147.22979736328125,53.28502655029297,0.3346925973892212,-0.18760566413402557,1.3628597259521484,5.153334617614746,66.72444915771484,43.83948516845703,1.2136825323104858,1.0
488,16.266666666666666,2652,2,11.035825105576166,-6.122506141662598,-48.35951232910156,-0.46036359667778015,-106.1158447265625,-17.761913299560547,148.5631866455078,48.20659637451172,-5.522307872772217,-47.959808349609375,-0.5820715427398682,-105.58773040771484,-19.686986923217773,147.393310546875,53.28528594970703,0.3339248299598694,-0.18786373734474182,1.362268090248108,6.094548225402832,68.52497863769531,43.780208587646484,1.7626550197601318,1.0
489,16.3,2651,2,11.30998211391426,-6.0563249588012695,-48.2652702331543,-0.46488410234451294,-105.84696197509766,-18.193214416503906,148.62327575683594,51.33619689941406,-5.522165298461914,-47.77345657348633,-0.6017433404922485,-105.20812225341797,-19.719865798950195,147.5669403076172,53.284969329833984,0.33336764574050903,-0.18817642331123352,1.3622164726257324,5.947683811187744,69.00382995605469,43.59304428100586,1.569851279258728,1.0
490,16.333333333333332,2650,2,11.573295383272875,-5.714945316314697,-48.111305236816406,-0.47617653012275696,-105.54166412353516,-18.7766056060791,148.61488342285156,54.46803665161133,-5.521862506866455,-47.585243225097656,-0.6206294894218445,-104.83222961425781,-19.750471115112305,147.7392578125,53.28520202636719,0.3329342007637024,-0.18852943181991577,1.3625949621200562,6.0911335945129395,68.6616439819336,43.911537170410156,1.655761957168579,1.0
491,16.366666666666667,2649,2,11.839091175710024,-5.677365779876709,-47.87683868408203,-0.502997100353241,-105.21979522705078,-19.26102638244629,148.59310913085938,57.19760513305664,-5.521822452545166,-47.40702438354492,-0.638172447681427,-104.47454833984375,-19.778057098388672,147.92724609375,53.285282135009766,0.3325798809528351,-0.18903009593486786,1.3628402948379517,6.00457239151001,68.47791290283203,43.9343147277832,1.5418095588684082,1.0
492,16.4,2648,2,12.108838070296319,-5.598644256591797,-47.621925354003906,-0.511668860912323,-104.8595962524414,-19.633121490478516,148.4354705810547,58.94886016845703,-5.522125720977783,-47.23270797729492,-0.6544163823127747,-104.12031555175781,-19.81294059753418,148.11361694335938,53.28479766845703,0.3321785032749176,-0.18957485258579254,1.3631196022033691,5.656853199005127,69.43450164794922,43.87134552001953,1.4157333374023438,1.0
493,16.433333333333334,2647,2,12.43229182638614,-5.395681858062744,-47.45269012451172,-0.5110996961593628,-104.48583984375,-20.301441192626953,148.27435302734375,58.98102951049805,-5.521678924560547,-47.05613708496094,-0.6723899841308594,-103.7750473022461,-19.850967407226562,148.31375122070312,53.28498077392578,0.3318159878253937,-0.1900365650653839,1.363513469696045,5.592379570007324,68.40894317626953,44.00946044921875,1.246789813041687,1.0
494,16.466666666666665,2646,2,12.729147113957017,-5.455261707305908,-47.201904296875,-0.47836989164352417,-104.1175308227539,-21.063066482543945,147.8147430419922,61.59620666503906,-5.521977424621582,-46.8823356628418,-0.6896116733551025,-103.43793487548828,-19.8843936920166,148.47695922851562,53.2850227355957,0.3314249515533447,-0.19059494137763977,1.3638458251953125,5.55964469909668,70.09473419189453,43.908790588378906,1.6219919919967651,1.0
495,16.5,2645,2,13.005408023922191,-5.531954288482666,-47.02066421508789,-0.4466852843761444,-103.79755401611328,-21.816394805908203,147.25343322753906,63.96010208129883,-5.521756172180176,-46.71039581298828,-0.706191897392273,-103.1072998046875,-19.917448043823242,148.6209716796875,53.28466796875,0.33106908202171326,-0.1910526007413864,1.364162564277649,5.427545547485352,70.31838989257812,43.738250732421875,1.488716721534729,1.0
496,16.533333333333335,2644,2,13.222821343925412,-5.605545997619629,-46.883941650390625,-0.4570857286453247,-103.4244384765625,-22.585105895996094,146.6309814453125,65.92536163330078,-5.521597385406494,-46.550357818603516,-0.7238407731056213,-102.78564453125,-19.949281692504883,148.76724243164062,53.285118103027344,0.3304595649242401,-0.19135744869709015,1.3642023801803589,5.148242473602295,69.43690490722656,43.97766876220703,1.4687198400497437,1.0
497,16.566666666666666,2643,2,13.464924827791034,-5.40629243850708,-46.78462219238281,-0.4939616024494171,-103.11811828613281,-22.726680755615234,146.30751037597656,67.0917739868164,-5.5211501121521,-46.39018630981445,-0.741614580154419,-102.47274780273438,-19.98560905456543,148.91168212890625,53.28502655029297,0.3298620283603668,-0.19154474139213562,1.3641269207000732,4.656932830810547,68.00830841064453,44.07404327392578,1.2807880640029907,1.0
498,16.6,2642,2,13.731632291392392,-5.0840373039245605,-46.71704864501953,-0.5541231036186218,-102.83381652832031,-22.56621551513672,146.0594024658203,67.85337829589844,-5.5209455490112305,-46.20649337768555,-0.7612823247909546,-102.12141418457031,-20.03589630126953,149.09039306640625,53.28466796875,0.32920241355895996,-0.19161370396614075,1.3639129400253296,4.289394378662109,69.34004974365234,44.048580169677734,1.247119426727295,1.0
499,16.633333333333333,2641,2,13.934742682641906,-4.638767242431641,-46.68122482299805,-0.6375705003738403,-102.57151794433594,-22.103700637817383,145.88668823242188,68.21017456054688,-5.52072286605835,-46.06254577636719,-0.7762988209724426,-101.84454345703125,-20.070289611816406,149.23377990722656,53.284629821777344,0.32848072052001953,-0.1915643811225891,1.3635607957839966,3.9645209312438965,68.37286376953125,43.906925201416016,1.1709365844726562,1.0
